/*
Navicat MySQL Data Transfer

Source Server         : Yishen
Source Server Version : 50717
Source Host           : localhost:3306
Source Database       : webchat_gd

Target Server Type    : MYSQL
Target Server Version : 50717
File Encoding         : 65001

Date: 2018-04-09 13:34:31
*/

SET FOREIGN_KEY_CHECKS=0;

-- ----------------------------
-- Table structure for t_chat_message
-- ----------------------------
DROP TABLE IF EXISTS `t_chat_message`;
CREATE TABLE `t_chat_message` (
  `chat_message_id` varchar(36) NOT NULL COMMENT '聊天信息id',
  `user_id` varchar(36) NOT NULL COMMENT '用户id',
  `chatter_id` varchar(36) NOT NULL COMMENT '好友id',
  `message_type` char(3) NOT NULL COMMENT '信息类型',
  `message_content` varchar(512) NOT NULL COMMENT '信息内容',
  `time_of_send` datetime NOT NULL COMMENT '信息发送时间',
  PRIMARY KEY (`chat_message_id`)
) ENGINE=InnoDB DEFAULT CHARSET=utf8 COMMENT='聊天信息表';

-- ----------------------------
-- Records of t_chat_message
-- ----------------------------
INSERT INTO `t_chat_message` VALUES ('b06d4829-781f-4d31-9ac0-bee6da87c8be', '79c3ef5c-c448-4794-9520-46bb025021be', '3e78e060-38df-11e8-b733-54c27e767102', '01', 'hellovue1', '2018-04-09 12:56:00');

-- ----------------------------
-- Table structure for t_contact
-- ----------------------------
DROP TABLE IF EXISTS `t_contact`;
CREATE TABLE `t_contact` (
  `contact_record_id` varchar(36) NOT NULL COMMENT '联系人表id',
  `user_id` varchar(36) NOT NULL COMMENT '用户id',
  `contact_id` varchar(36) NOT NULL COMMENT '联系人id',
  `remark` varchar(50) DEFAULT NULL COMMENT '备注',
  `add_time` datetime NOT NULL COMMENT '添加联系人时间',
  `last_contact_time` datetime DEFAULT NULL COMMENT '最后关注聊天信息时间',
  PRIMARY KEY (`contact_record_id`)
) ENGINE=InnoDB DEFAULT CHARSET=utf8 COMMENT='联系人表';

-- ----------------------------
-- Records of t_contact
-- ----------------------------
INSERT INTO `t_contact` VALUES ('6e99faaa-69f6-4bf3-8b5c-eedc78b4e7fe', '79c3ef5c-c448-4794-9520-46bb025021be', '3e78e060-38df-11e8-b733-54c27e767102', 'hellobue', '2018-04-09 11:47:05', '2018-04-09 11:48:01');
INSERT INTO `t_contact` VALUES ('9664d974-cff0-409e-b2c9-7deebfb0c1b6', '3e67f622-38df-11e8-b733-54c27e767102', '3e78e060-38df-11e8-b733-54c27e767102', null, '2018-04-09 11:27:59', '2018-04-09 11:28:35');
INSERT INTO `t_contact` VALUES ('9f16f066-bb2e-429f-b2b0-7843060ae1d6', '3e78e060-38df-11e8-b733-54c27e767102', '79c3ef5c-c448-4794-9520-46bb025021be', null, '2018-04-09 11:47:05', '2018-04-09 11:48:01');
INSERT INTO `t_contact` VALUES ('ce3f657c-3fcc-46ad-ac0e-d3e8efebb9c8', '3e78e060-38df-11e8-b733-54c27e767102', '3e67f622-38df-11e8-b733-54c27e767102', null, '2018-04-09 11:27:59', '2018-04-09 11:28:35');

-- ----------------------------
-- Table structure for t_dict
-- ----------------------------
DROP TABLE IF EXISTS `t_dict`;
CREATE TABLE `t_dict` (
  `dict_id` varchar(36) NOT NULL COMMENT '字典id',
  `dict_name` varchar(30) NOT NULL COMMENT '字典名称',
  `dict_code` varchar(36) NOT NULL COMMENT '字典编码',
  `language` varchar(20) DEFAULT NULL COMMENT '所属语言',
  `create_time` datetime DEFAULT NULL COMMENT '创建时间',
  `create_by` varchar(36) DEFAULT NULL COMMENT '创建人id',
  `last_update_time` datetime DEFAULT NULL COMMENT '修改时间',
  `last_update_by` varchar(36) DEFAULT NULL COMMENT '修改人id',
  PRIMARY KEY (`dict_id`)
) ENGINE=InnoDB DEFAULT CHARSET=utf8 COMMENT='字典表';

-- ----------------------------
-- Records of t_dict
-- ----------------------------
INSERT INTO `t_dict` VALUES ('1152ace1-3827-11e8-b733-54c27e767102', 'city', 'CITY', 'zh-CN', '2018-04-03 21:59:16', 'Yishen', '2018-04-03 21:59:16', 'Yishen');
INSERT INTO `t_dict` VALUES ('3386c2b9-3811-11e8-b733-54c27e767102', 'province', 'PROVINCE', 'zh-CN', '2018-04-03 21:59:16', 'Yishen', '2018-04-03 21:59:16', 'Yishen');
INSERT INTO `t_dict` VALUES ('71b10755-3bb7-11e8-9c75-54c27e767102', 'message_type', 'MESSAGE_TYPE', 'zh-CN', '2018-04-03 21:59:16', 'Yishen', '2018-04-03 21:59:16', 'Yishen');
INSERT INTO `t_dict` VALUES ('cb58807e-3832-11e8-b733-54c27e767102', 'gender', 'GENDER', 'zh-CN', '2018-04-03 21:59:16', 'Yishen', '2018-04-03 21:59:16', 'Yishen');

-- ----------------------------
-- Table structure for t_dict_item
-- ----------------------------
DROP TABLE IF EXISTS `t_dict_item`;
CREATE TABLE `t_dict_item` (
  `dict_id` varchar(36) NOT NULL COMMENT '字典id',
  `dict_item_id` varchar(36) NOT NULL COMMENT '字典条目id',
  `item_name` varchar(50) NOT NULL COMMENT '条目名称',
  `item_value` varchar(20) NOT NULL COMMENT '条目值',
  `order_no` int(11) NOT NULL COMMENT '排序序号',
  `remark` varchar(255) DEFAULT NULL COMMENT '备注',
  `create_time` datetime DEFAULT NULL COMMENT '创建时间',
  `create_by` varchar(36) DEFAULT NULL COMMENT '创建人id',
  `last_update_time` datetime DEFAULT NULL COMMENT '修改时间',
  `last_update_by` varchar(36) DEFAULT NULL COMMENT '修改人id',
  PRIMARY KEY (`dict_item_id`)
) ENGINE=InnoDB DEFAULT CHARSET=utf8 COMMENT='字典条目表';

-- ----------------------------
-- Records of t_dict_item
-- ----------------------------
INSERT INTO `t_dict_item` VALUES ('cb58807e-3832-11e8-b733-54c27e767102', '140b731c-3833-11e8-b733-54c27e767102', '男', '01', '1', '男', '2018-04-05 00:29:07', 'Yishen', '2018-04-05 00:29:07', 'Yishen');
INSERT INTO `t_dict_item` VALUES ('cb58807e-3832-11e8-b733-54c27e767102', '140d72ed-3833-11e8-b733-54c27e767102', '女', '02', '2', '女', '2018-04-05 00:29:07', 'Yishen', '2018-04-05 00:29:07', 'Yishen');
INSERT INTO `t_dict_item` VALUES ('71b10755-3bb7-11e8-9c75-54c27e767102', '9e08900f-3bb7-11e8-9c75-54c27e767102', '文字', '01', '1', '文字', '2018-04-05 00:29:07', 'Yishen', '2018-04-05 00:29:07', 'Yishen');
INSERT INTO `t_dict_item` VALUES ('1152ace1-3827-11e8-b733-54c27e767102', 'c89caeda-3830-11e8-b733-54c27e767102', '北京市', '110000', '1', '北京市', '2018-04-05 00:29:07', 'Yishen', '2018-04-05 00:29:07', 'Yishen');
INSERT INTO `t_dict_item` VALUES ('1152ace1-3827-11e8-b733-54c27e767102', 'c89f19d2-3830-11e8-b733-54c27e767102', '天津市', '120000', '2', '天津市', '2018-04-05 00:29:07', 'Yishen', '2018-04-05 00:29:07', 'Yishen');
INSERT INTO `t_dict_item` VALUES ('1152ace1-3827-11e8-b733-54c27e767102', 'c8a1b9d2-3830-11e8-b733-54c27e767102', '石家庄市', '130100', '3', '石家庄市', '2018-04-05 00:29:07', 'Yishen', '2018-04-05 00:29:07', 'Yishen');
INSERT INTO `t_dict_item` VALUES ('1152ace1-3827-11e8-b733-54c27e767102', 'c8a4aae2-3830-11e8-b733-54c27e767102', '唐山市', '130200', '4', '唐山市', '2018-04-05 00:29:07', 'Yishen', '2018-04-05 00:29:07', 'Yishen');
INSERT INTO `t_dict_item` VALUES ('1152ace1-3827-11e8-b733-54c27e767102', 'c8a8ae02-3830-11e8-b733-54c27e767102', '秦皇岛市', '130300', '5', '秦皇岛市', '2018-04-05 00:29:07', 'Yishen', '2018-04-05 00:29:07', 'Yishen');
INSERT INTO `t_dict_item` VALUES ('1152ace1-3827-11e8-b733-54c27e767102', 'c8ad4a47-3830-11e8-b733-54c27e767102', '邯郸市', '130400', '6', '邯郸市', '2018-04-05 00:29:07', 'Yishen', '2018-04-05 00:29:07', 'Yishen');
INSERT INTO `t_dict_item` VALUES ('1152ace1-3827-11e8-b733-54c27e767102', 'c8b018e5-3830-11e8-b733-54c27e767102', '邢台市', '130500', '7', '邢台市', '2018-04-05 00:29:07', 'Yishen', '2018-04-05 00:29:07', 'Yishen');
INSERT INTO `t_dict_item` VALUES ('1152ace1-3827-11e8-b733-54c27e767102', 'c8b2e93e-3830-11e8-b733-54c27e767102', '保定市', '130600', '8', '保定市', '2018-04-05 00:29:07', 'Yishen', '2018-04-05 00:29:07', 'Yishen');
INSERT INTO `t_dict_item` VALUES ('1152ace1-3827-11e8-b733-54c27e767102', 'c8b5c8f4-3830-11e8-b733-54c27e767102', '张家口市', '130700', '9', '张家口市', '2018-04-05 00:29:07', 'Yishen', '2018-04-05 00:29:07', 'Yishen');
INSERT INTO `t_dict_item` VALUES ('1152ace1-3827-11e8-b733-54c27e767102', 'c8b8e3ae-3830-11e8-b733-54c27e767102', '承德市', '130800', '10', '承德市', '2018-04-05 00:29:07', 'Yishen', '2018-04-05 00:29:07', 'Yishen');
INSERT INTO `t_dict_item` VALUES ('1152ace1-3827-11e8-b733-54c27e767102', 'c8bbfc7f-3830-11e8-b733-54c27e767102', '沧州市', '130900', '11', '沧州市', '2018-04-05 00:29:07', 'Yishen', '2018-04-05 00:29:07', 'Yishen');
INSERT INTO `t_dict_item` VALUES ('1152ace1-3827-11e8-b733-54c27e767102', 'c8bf975a-3830-11e8-b733-54c27e767102', '廊坊市', '131000', '12', '廊坊市', '2018-04-05 00:29:07', 'Yishen', '2018-04-05 00:29:07', 'Yishen');
INSERT INTO `t_dict_item` VALUES ('1152ace1-3827-11e8-b733-54c27e767102', 'c8c3179f-3830-11e8-b733-54c27e767102', '衡水市', '131100', '13', '衡水市', '2018-04-05 00:29:07', 'Yishen', '2018-04-05 00:29:07', 'Yishen');
INSERT INTO `t_dict_item` VALUES ('1152ace1-3827-11e8-b733-54c27e767102', 'c8c63332-3830-11e8-b733-54c27e767102', '定州市', '139001', '14', '定州市', '2018-04-05 00:29:07', 'Yishen', '2018-04-05 00:29:07', 'Yishen');
INSERT INTO `t_dict_item` VALUES ('1152ace1-3827-11e8-b733-54c27e767102', 'c8c924c6-3830-11e8-b733-54c27e767102', '辛集市', '139002', '15', '辛集市', '2018-04-05 00:29:07', 'Yishen', '2018-04-05 00:29:07', 'Yishen');
INSERT INTO `t_dict_item` VALUES ('1152ace1-3827-11e8-b733-54c27e767102', 'c8cc13d1-3830-11e8-b733-54c27e767102', '太原市', '140100', '16', '太原市', '2018-04-05 00:29:07', 'Yishen', '2018-04-05 00:29:07', 'Yishen');
INSERT INTO `t_dict_item` VALUES ('1152ace1-3827-11e8-b733-54c27e767102', 'c8cf4009-3830-11e8-b733-54c27e767102', '大同市', '140200', '17', '大同市', '2018-04-05 00:29:07', 'Yishen', '2018-04-05 00:29:07', 'Yishen');
INSERT INTO `t_dict_item` VALUES ('1152ace1-3827-11e8-b733-54c27e767102', 'c8d28795-3830-11e8-b733-54c27e767102', '阳泉市', '140300', '18', '阳泉市', '2018-04-05 00:29:07', 'Yishen', '2018-04-05 00:29:07', 'Yishen');
INSERT INTO `t_dict_item` VALUES ('1152ace1-3827-11e8-b733-54c27e767102', 'c8d58b7d-3830-11e8-b733-54c27e767102', '长治市', '140400', '19', '长治市', '2018-04-05 00:29:07', 'Yishen', '2018-04-05 00:29:07', 'Yishen');
INSERT INTO `t_dict_item` VALUES ('1152ace1-3827-11e8-b733-54c27e767102', 'c8d88d12-3830-11e8-b733-54c27e767102', '晋城市', '140500', '20', '晋城市', '2018-04-05 00:29:07', 'Yishen', '2018-04-05 00:29:07', 'Yishen');
INSERT INTO `t_dict_item` VALUES ('1152ace1-3827-11e8-b733-54c27e767102', 'c8dc2f04-3830-11e8-b733-54c27e767102', '朔州市', '140600', '21', '朔州市', '2018-04-05 00:29:07', 'Yishen', '2018-04-05 00:29:07', 'Yishen');
INSERT INTO `t_dict_item` VALUES ('1152ace1-3827-11e8-b733-54c27e767102', 'c8df5a4a-3830-11e8-b733-54c27e767102', '晋中市', '140700', '22', '晋中市', '2018-04-05 00:29:07', 'Yishen', '2018-04-05 00:29:07', 'Yishen');
INSERT INTO `t_dict_item` VALUES ('1152ace1-3827-11e8-b733-54c27e767102', 'c8e26ea2-3830-11e8-b733-54c27e767102', '运城市', '140800', '23', '运城市', '2018-04-05 00:29:07', 'Yishen', '2018-04-05 00:29:07', 'Yishen');
INSERT INTO `t_dict_item` VALUES ('1152ace1-3827-11e8-b733-54c27e767102', 'c8e6320b-3830-11e8-b733-54c27e767102', '忻州市', '140900', '24', '忻州市', '2018-04-05 00:29:07', 'Yishen', '2018-04-05 00:29:07', 'Yishen');
INSERT INTO `t_dict_item` VALUES ('1152ace1-3827-11e8-b733-54c27e767102', 'c8e93373-3830-11e8-b733-54c27e767102', '临汾市', '141000', '25', '临汾市', '2018-04-05 00:29:07', 'Yishen', '2018-04-05 00:29:07', 'Yishen');
INSERT INTO `t_dict_item` VALUES ('1152ace1-3827-11e8-b733-54c27e767102', 'c8ecb7a9-3830-11e8-b733-54c27e767102', '吕梁市', '141100', '26', '吕梁市', '2018-04-05 00:29:07', 'Yishen', '2018-04-05 00:29:07', 'Yishen');
INSERT INTO `t_dict_item` VALUES ('1152ace1-3827-11e8-b733-54c27e767102', 'c8efb60d-3830-11e8-b733-54c27e767102', '呼和浩特市', '150100', '27', '呼和浩特市', '2018-04-05 00:29:07', 'Yishen', '2018-04-05 00:29:07', 'Yishen');
INSERT INTO `t_dict_item` VALUES ('1152ace1-3827-11e8-b733-54c27e767102', 'c8f2bb35-3830-11e8-b733-54c27e767102', '包头市', '150200', '28', '包头市', '2018-04-05 00:29:07', 'Yishen', '2018-04-05 00:29:07', 'Yishen');
INSERT INTO `t_dict_item` VALUES ('1152ace1-3827-11e8-b733-54c27e767102', 'c8f5bb06-3830-11e8-b733-54c27e767102', '乌海市', '150300', '29', '乌海市', '2018-04-05 00:29:07', 'Yishen', '2018-04-05 00:29:07', 'Yishen');
INSERT INTO `t_dict_item` VALUES ('1152ace1-3827-11e8-b733-54c27e767102', 'c8f8c05f-3830-11e8-b733-54c27e767102', '赤峰市', '150400', '30', '赤峰市', '2018-04-05 00:29:07', 'Yishen', '2018-04-05 00:29:07', 'Yishen');
INSERT INTO `t_dict_item` VALUES ('1152ace1-3827-11e8-b733-54c27e767102', 'c8fbc034-3830-11e8-b733-54c27e767102', '通辽市', '150500', '31', '通辽市', '2018-04-05 00:29:07', 'Yishen', '2018-04-05 00:29:07', 'Yishen');
INSERT INTO `t_dict_item` VALUES ('1152ace1-3827-11e8-b733-54c27e767102', 'c8fea341-3830-11e8-b733-54c27e767102', '鄂尔多斯市', '150600', '32', '鄂尔多斯市', '2018-04-05 00:29:07', 'Yishen', '2018-04-05 00:29:07', 'Yishen');
INSERT INTO `t_dict_item` VALUES ('1152ace1-3827-11e8-b733-54c27e767102', 'c90191c8-3830-11e8-b733-54c27e767102', '呼伦贝尔市', '150700', '33', '呼伦贝尔市', '2018-04-05 00:29:07', 'Yishen', '2018-04-05 00:29:07', 'Yishen');
INSERT INTO `t_dict_item` VALUES ('1152ace1-3827-11e8-b733-54c27e767102', 'c906760a-3830-11e8-b733-54c27e767102', '巴彦淖尔市', '150800', '34', '巴彦淖尔市', '2018-04-05 00:29:07', 'Yishen', '2018-04-05 00:29:07', 'Yishen');
INSERT INTO `t_dict_item` VALUES ('1152ace1-3827-11e8-b733-54c27e767102', 'c909af0a-3830-11e8-b733-54c27e767102', '乌兰察布市', '150900', '35', '乌兰察布市', '2018-04-05 00:29:07', 'Yishen', '2018-04-05 00:29:07', 'Yishen');
INSERT INTO `t_dict_item` VALUES ('1152ace1-3827-11e8-b733-54c27e767102', 'c90cb1e7-3830-11e8-b733-54c27e767102', '兴安盟', '152200', '36', '兴安盟', '2018-04-05 00:29:07', 'Yishen', '2018-04-05 00:29:07', 'Yishen');
INSERT INTO `t_dict_item` VALUES ('1152ace1-3827-11e8-b733-54c27e767102', 'c90fa438-3830-11e8-b733-54c27e767102', '锡林郭勒盟', '152500', '37', '锡林郭勒盟', '2018-04-05 00:29:07', 'Yishen', '2018-04-05 00:29:07', 'Yishen');
INSERT INTO `t_dict_item` VALUES ('1152ace1-3827-11e8-b733-54c27e767102', 'c913012d-3830-11e8-b733-54c27e767102', '阿拉善盟', '152900', '38', '阿拉善盟', '2018-04-05 00:29:07', 'Yishen', '2018-04-05 00:29:07', 'Yishen');
INSERT INTO `t_dict_item` VALUES ('1152ace1-3827-11e8-b733-54c27e767102', 'c915eb3f-3830-11e8-b733-54c27e767102', '沈阳市', '210100', '39', '沈阳市', '2018-04-05 00:29:07', 'Yishen', '2018-04-05 00:29:07', 'Yishen');
INSERT INTO `t_dict_item` VALUES ('1152ace1-3827-11e8-b733-54c27e767102', 'c918cb1e-3830-11e8-b733-54c27e767102', '大连市', '210200', '40', '大连市', '2018-04-05 00:29:07', 'Yishen', '2018-04-05 00:29:07', 'Yishen');
INSERT INTO `t_dict_item` VALUES ('1152ace1-3827-11e8-b733-54c27e767102', 'c91cbec4-3830-11e8-b733-54c27e767102', '鞍山市', '210300', '41', '鞍山市', '2018-04-05 00:29:07', 'Yishen', '2018-04-05 00:29:07', 'Yishen');
INSERT INTO `t_dict_item` VALUES ('1152ace1-3827-11e8-b733-54c27e767102', 'c920381f-3830-11e8-b733-54c27e767102', '抚顺市', '210400', '42', '抚顺市', '2018-04-05 00:29:07', 'Yishen', '2018-04-05 00:29:07', 'Yishen');
INSERT INTO `t_dict_item` VALUES ('1152ace1-3827-11e8-b733-54c27e767102', 'c924537a-3830-11e8-b733-54c27e767102', '本溪市', '210500', '43', '本溪市', '2018-04-05 00:29:07', 'Yishen', '2018-04-05 00:29:07', 'Yishen');
INSERT INTO `t_dict_item` VALUES ('1152ace1-3827-11e8-b733-54c27e767102', 'c927792c-3830-11e8-b733-54c27e767102', '丹东市', '210600', '44', '丹东市', '2018-04-05 00:29:07', 'Yishen', '2018-04-05 00:29:07', 'Yishen');
INSERT INTO `t_dict_item` VALUES ('1152ace1-3827-11e8-b733-54c27e767102', 'c92a5913-3830-11e8-b733-54c27e767102', '锦州市', '210700', '45', '锦州市', '2018-04-05 00:29:07', 'Yishen', '2018-04-05 00:29:07', 'Yishen');
INSERT INTO `t_dict_item` VALUES ('1152ace1-3827-11e8-b733-54c27e767102', 'c92d323e-3830-11e8-b733-54c27e767102', '营口市', '210800', '46', '营口市', '2018-04-05 00:29:07', 'Yishen', '2018-04-05 00:29:07', 'Yishen');
INSERT INTO `t_dict_item` VALUES ('1152ace1-3827-11e8-b733-54c27e767102', 'c9301792-3830-11e8-b733-54c27e767102', '阜新市', '210900', '47', '阜新市', '2018-04-05 00:29:07', 'Yishen', '2018-04-05 00:29:07', 'Yishen');
INSERT INTO `t_dict_item` VALUES ('1152ace1-3827-11e8-b733-54c27e767102', 'c932fe04-3830-11e8-b733-54c27e767102', '辽阳市', '211000', '48', '辽阳市', '2018-04-05 00:29:07', 'Yishen', '2018-04-05 00:29:07', 'Yishen');
INSERT INTO `t_dict_item` VALUES ('1152ace1-3827-11e8-b733-54c27e767102', 'c935cdc6-3830-11e8-b733-54c27e767102', '盘锦市', '211100', '49', '盘锦市', '2018-04-05 00:29:07', 'Yishen', '2018-04-05 00:29:07', 'Yishen');
INSERT INTO `t_dict_item` VALUES ('1152ace1-3827-11e8-b733-54c27e767102', 'c9392b98-3830-11e8-b733-54c27e767102', '铁岭市', '211200', '50', '铁岭市', '2018-04-05 00:29:07', 'Yishen', '2018-04-05 00:29:07', 'Yishen');
INSERT INTO `t_dict_item` VALUES ('1152ace1-3827-11e8-b733-54c27e767102', 'c93c319e-3830-11e8-b733-54c27e767102', '朝阳市', '211300', '51', '朝阳市', '2018-04-05 00:29:07', 'Yishen', '2018-04-05 00:29:07', 'Yishen');
INSERT INTO `t_dict_item` VALUES ('1152ace1-3827-11e8-b733-54c27e767102', 'c940908c-3830-11e8-b733-54c27e767102', '葫芦岛市', '211400', '52', '葫芦岛市', '2018-04-05 00:29:07', 'Yishen', '2018-04-05 00:29:07', 'Yishen');
INSERT INTO `t_dict_item` VALUES ('1152ace1-3827-11e8-b733-54c27e767102', 'c94376c1-3830-11e8-b733-54c27e767102', '长春市', '220100', '53', '长春市', '2018-04-05 00:29:07', 'Yishen', '2018-04-05 00:29:07', 'Yishen');
INSERT INTO `t_dict_item` VALUES ('1152ace1-3827-11e8-b733-54c27e767102', 'c94643b4-3830-11e8-b733-54c27e767102', '吉林市', '220200', '54', '吉林市', '2018-04-05 00:29:07', 'Yishen', '2018-04-05 00:29:07', 'Yishen');
INSERT INTO `t_dict_item` VALUES ('1152ace1-3827-11e8-b733-54c27e767102', 'c9493af9-3830-11e8-b733-54c27e767102', '四平市', '220300', '55', '四平市', '2018-04-05 00:29:07', 'Yishen', '2018-04-05 00:29:07', 'Yishen');
INSERT INTO `t_dict_item` VALUES ('1152ace1-3827-11e8-b733-54c27e767102', 'c94c0fb7-3830-11e8-b733-54c27e767102', '辽源市', '220400', '56', '辽源市', '2018-04-05 00:29:07', 'Yishen', '2018-04-05 00:29:07', 'Yishen');
INSERT INTO `t_dict_item` VALUES ('1152ace1-3827-11e8-b733-54c27e767102', 'c94ee931-3830-11e8-b733-54c27e767102', '通化市', '220500', '57', '通化市', '2018-04-05 00:29:07', 'Yishen', '2018-04-05 00:29:07', 'Yishen');
INSERT INTO `t_dict_item` VALUES ('1152ace1-3827-11e8-b733-54c27e767102', 'c951b1e4-3830-11e8-b733-54c27e767102', '白山市', '220600', '58', '白山市', '2018-04-05 00:29:07', 'Yishen', '2018-04-05 00:29:07', 'Yishen');
INSERT INTO `t_dict_item` VALUES ('1152ace1-3827-11e8-b733-54c27e767102', 'c95492b6-3830-11e8-b733-54c27e767102', '松原市', '220700', '59', '松原市', '2018-04-05 00:29:07', 'Yishen', '2018-04-05 00:29:07', 'Yishen');
INSERT INTO `t_dict_item` VALUES ('1152ace1-3827-11e8-b733-54c27e767102', 'c957a320-3830-11e8-b733-54c27e767102', '白城市', '220800', '60', '白城市', '2018-04-05 00:29:07', 'Yishen', '2018-04-05 00:29:07', 'Yishen');
INSERT INTO `t_dict_item` VALUES ('1152ace1-3827-11e8-b733-54c27e767102', 'c95a99a0-3830-11e8-b733-54c27e767102', '延边朝鲜族自治州', '222400', '61', '延边朝鲜族自治州', '2018-04-05 00:29:07', 'Yishen', '2018-04-05 00:29:07', 'Yishen');
INSERT INTO `t_dict_item` VALUES ('1152ace1-3827-11e8-b733-54c27e767102', 'c95da23e-3830-11e8-b733-54c27e767102', '哈尔滨市', '230100', '62', '哈尔滨市', '2018-04-05 00:29:07', 'Yishen', '2018-04-05 00:29:07', 'Yishen');
INSERT INTO `t_dict_item` VALUES ('1152ace1-3827-11e8-b733-54c27e767102', 'c960b191-3830-11e8-b733-54c27e767102', '齐齐哈尔市', '230200', '63', '齐齐哈尔市', '2018-04-05 00:29:07', 'Yishen', '2018-04-05 00:29:07', 'Yishen');
INSERT INTO `t_dict_item` VALUES ('1152ace1-3827-11e8-b733-54c27e767102', 'c965870e-3830-11e8-b733-54c27e767102', '鸡西市', '230300', '64', '鸡西市', '2018-04-05 00:29:07', 'Yishen', '2018-04-05 00:29:07', 'Yishen');
INSERT INTO `t_dict_item` VALUES ('1152ace1-3827-11e8-b733-54c27e767102', 'c96ae0f0-3830-11e8-b733-54c27e767102', '鹤岗市', '230400', '65', '鹤岗市', '2018-04-05 00:29:07', 'Yishen', '2018-04-05 00:29:07', 'Yishen');
INSERT INTO `t_dict_item` VALUES ('1152ace1-3827-11e8-b733-54c27e767102', 'c96e060e-3830-11e8-b733-54c27e767102', '双鸭山市', '230500', '66', '双鸭山市', '2018-04-05 00:29:07', 'Yishen', '2018-04-05 00:29:07', 'Yishen');
INSERT INTO `t_dict_item` VALUES ('1152ace1-3827-11e8-b733-54c27e767102', 'c9710f97-3830-11e8-b733-54c27e767102', '大庆市', '230600', '67', '大庆市', '2018-04-05 00:29:07', 'Yishen', '2018-04-05 00:29:07', 'Yishen');
INSERT INTO `t_dict_item` VALUES ('1152ace1-3827-11e8-b733-54c27e767102', 'c97452c6-3830-11e8-b733-54c27e767102', '伊春市', '230700', '68', '伊春市', '2018-04-05 00:29:07', 'Yishen', '2018-04-05 00:29:07', 'Yishen');
INSERT INTO `t_dict_item` VALUES ('1152ace1-3827-11e8-b733-54c27e767102', 'c9773a81-3830-11e8-b733-54c27e767102', '佳木斯市', '230800', '69', '佳木斯市', '2018-04-05 00:29:07', 'Yishen', '2018-04-05 00:29:07', 'Yishen');
INSERT INTO `t_dict_item` VALUES ('1152ace1-3827-11e8-b733-54c27e767102', 'c97a483a-3830-11e8-b733-54c27e767102', '七台河市', '230900', '70', '七台河市', '2018-04-05 00:29:07', 'Yishen', '2018-04-05 00:29:07', 'Yishen');
INSERT INTO `t_dict_item` VALUES ('1152ace1-3827-11e8-b733-54c27e767102', 'c97dfe6c-3830-11e8-b733-54c27e767102', '牡丹江市', '231000', '71', '牡丹江市', '2018-04-05 00:29:07', 'Yishen', '2018-04-05 00:29:07', 'Yishen');
INSERT INTO `t_dict_item` VALUES ('1152ace1-3827-11e8-b733-54c27e767102', 'c980e4e3-3830-11e8-b733-54c27e767102', '黑河市', '231100', '72', '黑河市', '2018-04-05 00:29:07', 'Yishen', '2018-04-05 00:29:07', 'Yishen');
INSERT INTO `t_dict_item` VALUES ('1152ace1-3827-11e8-b733-54c27e767102', 'c984ee75-3830-11e8-b733-54c27e767102', '绥化市', '231200', '73', '绥化市', '2018-04-05 00:29:07', 'Yishen', '2018-04-05 00:29:07', 'Yishen');
INSERT INTO `t_dict_item` VALUES ('1152ace1-3827-11e8-b733-54c27e767102', 'c988035c-3830-11e8-b733-54c27e767102', '大兴安岭地区', '232700', '74', '大兴安岭地区', '2018-04-05 00:29:07', 'Yishen', '2018-04-05 00:29:07', 'Yishen');
INSERT INTO `t_dict_item` VALUES ('1152ace1-3827-11e8-b733-54c27e767102', 'c98af716-3830-11e8-b733-54c27e767102', '上海市', '310000', '75', '上海市', '2018-04-05 00:29:07', 'Yishen', '2018-04-05 00:29:07', 'Yishen');
INSERT INTO `t_dict_item` VALUES ('1152ace1-3827-11e8-b733-54c27e767102', 'c98dea54-3830-11e8-b733-54c27e767102', '南京市', '320100', '76', '南京市', '2018-04-05 00:29:07', 'Yishen', '2018-04-05 00:29:07', 'Yishen');
INSERT INTO `t_dict_item` VALUES ('1152ace1-3827-11e8-b733-54c27e767102', 'c990e788-3830-11e8-b733-54c27e767102', '无锡市', '320200', '77', '无锡市', '2018-04-05 00:29:07', 'Yishen', '2018-04-05 00:29:07', 'Yishen');
INSERT INTO `t_dict_item` VALUES ('1152ace1-3827-11e8-b733-54c27e767102', 'c993dcf5-3830-11e8-b733-54c27e767102', '徐州市', '320300', '78', '徐州市', '2018-04-05 00:29:07', 'Yishen', '2018-04-05 00:29:07', 'Yishen');
INSERT INTO `t_dict_item` VALUES ('1152ace1-3827-11e8-b733-54c27e767102', 'c996ddc5-3830-11e8-b733-54c27e767102', '常州市', '320400', '79', '常州市', '2018-04-05 00:29:07', 'Yishen', '2018-04-05 00:29:07', 'Yishen');
INSERT INTO `t_dict_item` VALUES ('1152ace1-3827-11e8-b733-54c27e767102', 'c999cea8-3830-11e8-b733-54c27e767102', '苏州市', '320500', '80', '苏州市', '2018-04-05 00:29:07', 'Yishen', '2018-04-05 00:29:07', 'Yishen');
INSERT INTO `t_dict_item` VALUES ('1152ace1-3827-11e8-b733-54c27e767102', 'c99cb85c-3830-11e8-b733-54c27e767102', '南通市', '320600', '81', '南通市', '2018-04-05 00:29:07', 'Yishen', '2018-04-05 00:29:07', 'Yishen');
INSERT INTO `t_dict_item` VALUES ('1152ace1-3827-11e8-b733-54c27e767102', 'c99f96c1-3830-11e8-b733-54c27e767102', '连云港市', '320700', '82', '连云港市', '2018-04-05 00:29:07', 'Yishen', '2018-04-05 00:29:07', 'Yishen');
INSERT INTO `t_dict_item` VALUES ('1152ace1-3827-11e8-b733-54c27e767102', 'c9a2a3f2-3830-11e8-b733-54c27e767102', '淮安市', '320800', '83', '淮安市', '2018-04-05 00:29:07', 'Yishen', '2018-04-05 00:29:07', 'Yishen');
INSERT INTO `t_dict_item` VALUES ('1152ace1-3827-11e8-b733-54c27e767102', 'c9a5a876-3830-11e8-b733-54c27e767102', '盐城市', '320900', '84', '盐城市', '2018-04-05 00:29:07', 'Yishen', '2018-04-05 00:29:07', 'Yishen');
INSERT INTO `t_dict_item` VALUES ('1152ace1-3827-11e8-b733-54c27e767102', 'c9a893a4-3830-11e8-b733-54c27e767102', '扬州市', '321000', '85', '扬州市', '2018-04-05 00:29:07', 'Yishen', '2018-04-05 00:29:07', 'Yishen');
INSERT INTO `t_dict_item` VALUES ('1152ace1-3827-11e8-b733-54c27e767102', 'c9abb304-3830-11e8-b733-54c27e767102', '镇江市', '321100', '86', '镇江市', '2018-04-05 00:29:07', 'Yishen', '2018-04-05 00:29:07', 'Yishen');
INSERT INTO `t_dict_item` VALUES ('1152ace1-3827-11e8-b733-54c27e767102', 'c9aea921-3830-11e8-b733-54c27e767102', '泰州市', '321200', '87', '泰州市', '2018-04-05 00:29:07', 'Yishen', '2018-04-05 00:29:07', 'Yishen');
INSERT INTO `t_dict_item` VALUES ('1152ace1-3827-11e8-b733-54c27e767102', 'c9b1a25b-3830-11e8-b733-54c27e767102', '宿迁市', '321300', '88', '宿迁市', '2018-04-05 00:29:07', 'Yishen', '2018-04-05 00:29:07', 'Yishen');
INSERT INTO `t_dict_item` VALUES ('1152ace1-3827-11e8-b733-54c27e767102', 'c9b4faa5-3830-11e8-b733-54c27e767102', '杭州市', '330100', '89', '杭州市', '2018-04-05 00:29:07', 'Yishen', '2018-04-05 00:29:07', 'Yishen');
INSERT INTO `t_dict_item` VALUES ('1152ace1-3827-11e8-b733-54c27e767102', 'c9b7f301-3830-11e8-b733-54c27e767102', '宁波市', '330200', '90', '宁波市', '2018-04-05 00:29:07', 'Yishen', '2018-04-05 00:29:07', 'Yishen');
INSERT INTO `t_dict_item` VALUES ('1152ace1-3827-11e8-b733-54c27e767102', 'c9baf3c9-3830-11e8-b733-54c27e767102', '温州市', '330300', '91', '温州市', '2018-04-05 00:29:07', 'Yishen', '2018-04-05 00:29:07', 'Yishen');
INSERT INTO `t_dict_item` VALUES ('1152ace1-3827-11e8-b733-54c27e767102', 'c9be203b-3830-11e8-b733-54c27e767102', '嘉兴市', '330400', '92', '嘉兴市', '2018-04-05 00:29:07', 'Yishen', '2018-04-05 00:29:07', 'Yishen');
INSERT INTO `t_dict_item` VALUES ('1152ace1-3827-11e8-b733-54c27e767102', 'c9c11767-3830-11e8-b733-54c27e767102', '湖州市', '330500', '93', '湖州市', '2018-04-05 00:29:07', 'Yishen', '2018-04-05 00:29:07', 'Yishen');
INSERT INTO `t_dict_item` VALUES ('1152ace1-3827-11e8-b733-54c27e767102', 'c9c404ae-3830-11e8-b733-54c27e767102', '绍兴市', '330600', '94', '绍兴市', '2018-04-05 00:29:07', 'Yishen', '2018-04-05 00:29:07', 'Yishen');
INSERT INTO `t_dict_item` VALUES ('1152ace1-3827-11e8-b733-54c27e767102', 'c9c6f0e3-3830-11e8-b733-54c27e767102', '金华市', '330700', '95', '金华市', '2018-04-05 00:29:07', 'Yishen', '2018-04-05 00:29:07', 'Yishen');
INSERT INTO `t_dict_item` VALUES ('1152ace1-3827-11e8-b733-54c27e767102', 'c9cb14f7-3830-11e8-b733-54c27e767102', '衢州市', '330800', '96', '衢州市', '2018-04-05 00:29:07', 'Yishen', '2018-04-05 00:29:07', 'Yishen');
INSERT INTO `t_dict_item` VALUES ('1152ace1-3827-11e8-b733-54c27e767102', 'c9ce27c9-3830-11e8-b733-54c27e767102', '舟山市', '330900', '97', '舟山市', '2018-04-05 00:29:07', 'Yishen', '2018-04-05 00:29:07', 'Yishen');
INSERT INTO `t_dict_item` VALUES ('1152ace1-3827-11e8-b733-54c27e767102', 'c9d13581-3830-11e8-b733-54c27e767102', '台州市', '331000', '98', '台州市', '2018-04-05 00:29:07', 'Yishen', '2018-04-05 00:29:07', 'Yishen');
INSERT INTO `t_dict_item` VALUES ('1152ace1-3827-11e8-b733-54c27e767102', 'c9d4a958-3830-11e8-b733-54c27e767102', '丽水市', '331100', '99', '丽水市', '2018-04-05 00:29:07', 'Yishen', '2018-04-05 00:29:07', 'Yishen');
INSERT INTO `t_dict_item` VALUES ('1152ace1-3827-11e8-b733-54c27e767102', 'c9d7a451-3830-11e8-b733-54c27e767102', '合肥市', '340100', '100', '合肥市', '2018-04-05 00:29:07', 'Yishen', '2018-04-05 00:29:07', 'Yishen');
INSERT INTO `t_dict_item` VALUES ('1152ace1-3827-11e8-b733-54c27e767102', 'c9dad3ae-3830-11e8-b733-54c27e767102', '芜湖市', '340200', '101', '芜湖市', '2018-04-05 00:29:07', 'Yishen', '2018-04-05 00:29:07', 'Yishen');
INSERT INTO `t_dict_item` VALUES ('1152ace1-3827-11e8-b733-54c27e767102', 'c9debdf3-3830-11e8-b733-54c27e767102', '蚌埠市', '340300', '102', '蚌埠市', '2018-04-05 00:29:07', 'Yishen', '2018-04-05 00:29:07', 'Yishen');
INSERT INTO `t_dict_item` VALUES ('1152ace1-3827-11e8-b733-54c27e767102', 'c9e1d8c1-3830-11e8-b733-54c27e767102', '淮南市', '340400', '103', '淮南市', '2018-04-05 00:29:07', 'Yishen', '2018-04-05 00:29:07', 'Yishen');
INSERT INTO `t_dict_item` VALUES ('1152ace1-3827-11e8-b733-54c27e767102', 'c9e4dbcf-3830-11e8-b733-54c27e767102', '马鞍山市', '340500', '104', '马鞍山市', '2018-04-05 00:29:07', 'Yishen', '2018-04-05 00:29:07', 'Yishen');
INSERT INTO `t_dict_item` VALUES ('1152ace1-3827-11e8-b733-54c27e767102', 'c9e7dc72-3830-11e8-b733-54c27e767102', '淮北市', '340600', '105', '淮北市', '2018-04-05 00:29:07', 'Yishen', '2018-04-05 00:29:07', 'Yishen');
INSERT INTO `t_dict_item` VALUES ('1152ace1-3827-11e8-b733-54c27e767102', 'c9eaa800-3830-11e8-b733-54c27e767102', '铜陵市', '340700', '106', '铜陵市', '2018-04-05 00:29:07', 'Yishen', '2018-04-05 00:29:07', 'Yishen');
INSERT INTO `t_dict_item` VALUES ('1152ace1-3827-11e8-b733-54c27e767102', 'c9ed92ba-3830-11e8-b733-54c27e767102', '安庆市', '340800', '107', '安庆市', '2018-04-05 00:29:07', 'Yishen', '2018-04-05 00:29:07', 'Yishen');
INSERT INTO `t_dict_item` VALUES ('1152ace1-3827-11e8-b733-54c27e767102', 'c9f0b223-3830-11e8-b733-54c27e767102', '黄山市', '341000', '108', '黄山市', '2018-04-05 00:29:07', 'Yishen', '2018-04-05 00:29:07', 'Yishen');
INSERT INTO `t_dict_item` VALUES ('1152ace1-3827-11e8-b733-54c27e767102', 'c9f38fb7-3830-11e8-b733-54c27e767102', '滁州市', '341100', '109', '滁州市', '2018-04-05 00:29:07', 'Yishen', '2018-04-05 00:29:07', 'Yishen');
INSERT INTO `t_dict_item` VALUES ('1152ace1-3827-11e8-b733-54c27e767102', 'c9f688e5-3830-11e8-b733-54c27e767102', '阜阳市', '341200', '110', '阜阳市', '2018-04-05 00:29:07', 'Yishen', '2018-04-05 00:29:07', 'Yishen');
INSERT INTO `t_dict_item` VALUES ('1152ace1-3827-11e8-b733-54c27e767102', 'c9fa178c-3830-11e8-b733-54c27e767102', '宿州市', '341300', '111', '宿州市', '2018-04-05 00:29:07', 'Yishen', '2018-04-05 00:29:07', 'Yishen');
INSERT INTO `t_dict_item` VALUES ('1152ace1-3827-11e8-b733-54c27e767102', 'c9fd9ad0-3830-11e8-b733-54c27e767102', '六安市', '341500', '112', '六安市', '2018-04-05 00:29:07', 'Yishen', '2018-04-05 00:29:07', 'Yishen');
INSERT INTO `t_dict_item` VALUES ('1152ace1-3827-11e8-b733-54c27e767102', 'ca014cae-3830-11e8-b733-54c27e767102', '亳州市', '341600', '113', '亳州市', '2018-04-05 00:29:07', 'Yishen', '2018-04-05 00:29:07', 'Yishen');
INSERT INTO `t_dict_item` VALUES ('1152ace1-3827-11e8-b733-54c27e767102', 'ca0483ef-3830-11e8-b733-54c27e767102', '池州市', '341700', '114', '池州市', '2018-04-05 00:29:07', 'Yishen', '2018-04-05 00:29:07', 'Yishen');
INSERT INTO `t_dict_item` VALUES ('1152ace1-3827-11e8-b733-54c27e767102', 'ca0775bc-3830-11e8-b733-54c27e767102', '宣城市', '341800', '115', '宣城市', '2018-04-05 00:29:07', 'Yishen', '2018-04-05 00:29:07', 'Yishen');
INSERT INTO `t_dict_item` VALUES ('1152ace1-3827-11e8-b733-54c27e767102', 'ca0a84d9-3830-11e8-b733-54c27e767102', '福州市', '350100', '116', '福州市', '2018-04-05 00:29:07', 'Yishen', '2018-04-05 00:29:07', 'Yishen');
INSERT INTO `t_dict_item` VALUES ('1152ace1-3827-11e8-b733-54c27e767102', 'ca0e5332-3830-11e8-b733-54c27e767102', '厦门市', '350200', '117', '厦门市', '2018-04-05 00:29:07', 'Yishen', '2018-04-05 00:29:07', 'Yishen');
INSERT INTO `t_dict_item` VALUES ('1152ace1-3827-11e8-b733-54c27e767102', 'ca126f7b-3830-11e8-b733-54c27e767102', '莆田市', '350300', '118', '莆田市', '2018-04-05 00:29:07', 'Yishen', '2018-04-05 00:29:07', 'Yishen');
INSERT INTO `t_dict_item` VALUES ('1152ace1-3827-11e8-b733-54c27e767102', 'ca154530-3830-11e8-b733-54c27e767102', '三明市', '350400', '119', '三明市', '2018-04-05 00:29:07', 'Yishen', '2018-04-05 00:29:07', 'Yishen');
INSERT INTO `t_dict_item` VALUES ('1152ace1-3827-11e8-b733-54c27e767102', 'ca1820cf-3830-11e8-b733-54c27e767102', '泉州市', '350500', '120', '泉州市', '2018-04-05 00:29:07', 'Yishen', '2018-04-05 00:29:07', 'Yishen');
INSERT INTO `t_dict_item` VALUES ('1152ace1-3827-11e8-b733-54c27e767102', 'ca1b302a-3830-11e8-b733-54c27e767102', '漳州市', '350600', '121', '漳州市', '2018-04-05 00:29:07', 'Yishen', '2018-04-05 00:29:07', 'Yishen');
INSERT INTO `t_dict_item` VALUES ('1152ace1-3827-11e8-b733-54c27e767102', 'ca1e1c6f-3830-11e8-b733-54c27e767102', '南平市', '350700', '122', '南平市', '2018-04-05 00:29:07', 'Yishen', '2018-04-05 00:29:07', 'Yishen');
INSERT INTO `t_dict_item` VALUES ('1152ace1-3827-11e8-b733-54c27e767102', 'ca210839-3830-11e8-b733-54c27e767102', '龙岩市', '350800', '123', '龙岩市', '2018-04-05 00:29:07', 'Yishen', '2018-04-05 00:29:07', 'Yishen');
INSERT INTO `t_dict_item` VALUES ('1152ace1-3827-11e8-b733-54c27e767102', 'ca23df1d-3830-11e8-b733-54c27e767102', '宁德市', '350900', '124', '宁德市', '2018-04-05 00:29:07', 'Yishen', '2018-04-05 00:29:07', 'Yishen');
INSERT INTO `t_dict_item` VALUES ('1152ace1-3827-11e8-b733-54c27e767102', 'ca27455f-3830-11e8-b733-54c27e767102', '南昌市', '360100', '125', '南昌市', '2018-04-05 00:29:07', 'Yishen', '2018-04-05 00:29:07', 'Yishen');
INSERT INTO `t_dict_item` VALUES ('1152ace1-3827-11e8-b733-54c27e767102', 'ca2a3efb-3830-11e8-b733-54c27e767102', '景德镇市', '360200', '126', '景德镇市', '2018-04-05 00:29:07', 'Yishen', '2018-04-05 00:29:07', 'Yishen');
INSERT INTO `t_dict_item` VALUES ('1152ace1-3827-11e8-b733-54c27e767102', 'ca2e28c8-3830-11e8-b733-54c27e767102', '萍乡市', '360300', '127', '萍乡市', '2018-04-05 00:29:07', 'Yishen', '2018-04-05 00:29:07', 'Yishen');
INSERT INTO `t_dict_item` VALUES ('1152ace1-3827-11e8-b733-54c27e767102', 'ca313a31-3830-11e8-b733-54c27e767102', '九江市', '360400', '128', '九江市', '2018-04-05 00:29:07', 'Yishen', '2018-04-05 00:29:07', 'Yishen');
INSERT INTO `t_dict_item` VALUES ('1152ace1-3827-11e8-b733-54c27e767102', 'ca342692-3830-11e8-b733-54c27e767102', '新余市', '360500', '129', '新余市', '2018-04-05 00:29:07', 'Yishen', '2018-04-05 00:29:07', 'Yishen');
INSERT INTO `t_dict_item` VALUES ('1152ace1-3827-11e8-b733-54c27e767102', 'ca380e77-3830-11e8-b733-54c27e767102', '鹰潭市', '360600', '130', '鹰潭市', '2018-04-05 00:29:07', 'Yishen', '2018-04-05 00:29:07', 'Yishen');
INSERT INTO `t_dict_item` VALUES ('1152ace1-3827-11e8-b733-54c27e767102', 'ca3bbcad-3830-11e8-b733-54c27e767102', '赣州市', '360700', '131', '赣州市', '2018-04-05 00:29:07', 'Yishen', '2018-04-05 00:29:07', 'Yishen');
INSERT INTO `t_dict_item` VALUES ('1152ace1-3827-11e8-b733-54c27e767102', 'ca3eb7ec-3830-11e8-b733-54c27e767102', '吉安市', '360800', '132', '吉安市', '2018-04-05 00:29:07', 'Yishen', '2018-04-05 00:29:07', 'Yishen');
INSERT INTO `t_dict_item` VALUES ('1152ace1-3827-11e8-b733-54c27e767102', 'ca41c3c4-3830-11e8-b733-54c27e767102', '宜春市', '360900', '133', '宜春市', '2018-04-05 00:29:07', 'Yishen', '2018-04-05 00:29:07', 'Yishen');
INSERT INTO `t_dict_item` VALUES ('1152ace1-3827-11e8-b733-54c27e767102', 'ca44afe0-3830-11e8-b733-54c27e767102', '抚州市', '361000', '134', '抚州市', '2018-04-05 00:29:07', 'Yishen', '2018-04-05 00:29:07', 'Yishen');
INSERT INTO `t_dict_item` VALUES ('1152ace1-3827-11e8-b733-54c27e767102', 'ca48ca59-3830-11e8-b733-54c27e767102', '上饶市', '361100', '135', '上饶市', '2018-04-05 00:29:07', 'Yishen', '2018-04-05 00:29:07', 'Yishen');
INSERT INTO `t_dict_item` VALUES ('1152ace1-3827-11e8-b733-54c27e767102', 'ca4bc965-3830-11e8-b733-54c27e767102', '济南市', '370100', '136', '济南市', '2018-04-05 00:29:07', 'Yishen', '2018-04-05 00:29:07', 'Yishen');
INSERT INTO `t_dict_item` VALUES ('1152ace1-3827-11e8-b733-54c27e767102', 'ca4ebc83-3830-11e8-b733-54c27e767102', '青岛市', '370200', '137', '青岛市', '2018-04-05 00:29:07', 'Yishen', '2018-04-05 00:29:07', 'Yishen');
INSERT INTO `t_dict_item` VALUES ('1152ace1-3827-11e8-b733-54c27e767102', 'ca529bf0-3830-11e8-b733-54c27e767102', '淄博市', '370300', '138', '淄博市', '2018-04-05 00:29:07', 'Yishen', '2018-04-05 00:29:07', 'Yishen');
INSERT INTO `t_dict_item` VALUES ('1152ace1-3827-11e8-b733-54c27e767102', 'ca565956-3830-11e8-b733-54c27e767102', '枣庄市', '370400', '139', '枣庄市', '2018-04-05 00:29:07', 'Yishen', '2018-04-05 00:29:07', 'Yishen');
INSERT INTO `t_dict_item` VALUES ('1152ace1-3827-11e8-b733-54c27e767102', 'ca596479-3830-11e8-b733-54c27e767102', '东营市', '370500', '140', '东营市', '2018-04-05 00:29:07', 'Yishen', '2018-04-05 00:29:07', 'Yishen');
INSERT INTO `t_dict_item` VALUES ('1152ace1-3827-11e8-b733-54c27e767102', 'ca5c44e4-3830-11e8-b733-54c27e767102', '烟台市', '370600', '141', '烟台市', '2018-04-05 00:29:07', 'Yishen', '2018-04-05 00:29:07', 'Yishen');
INSERT INTO `t_dict_item` VALUES ('1152ace1-3827-11e8-b733-54c27e767102', 'ca5f347f-3830-11e8-b733-54c27e767102', '潍坊市', '370700', '142', '潍坊市', '2018-04-05 00:29:07', 'Yishen', '2018-04-05 00:29:07', 'Yishen');
INSERT INTO `t_dict_item` VALUES ('1152ace1-3827-11e8-b733-54c27e767102', 'ca62206d-3830-11e8-b733-54c27e767102', '济宁市', '370800', '143', '济宁市', '2018-04-05 00:29:07', 'Yishen', '2018-04-05 00:29:07', 'Yishen');
INSERT INTO `t_dict_item` VALUES ('1152ace1-3827-11e8-b733-54c27e767102', 'ca6500ed-3830-11e8-b733-54c27e767102', '泰安市', '370900', '144', '泰安市', '2018-04-05 00:29:07', 'Yishen', '2018-04-05 00:29:07', 'Yishen');
INSERT INTO `t_dict_item` VALUES ('1152ace1-3827-11e8-b733-54c27e767102', 'ca67eb9f-3830-11e8-b733-54c27e767102', '威海市', '371000', '145', '威海市', '2018-04-05 00:29:07', 'Yishen', '2018-04-05 00:29:07', 'Yishen');
INSERT INTO `t_dict_item` VALUES ('1152ace1-3827-11e8-b733-54c27e767102', 'ca6ace9b-3830-11e8-b733-54c27e767102', '日照市', '371100', '146', '日照市', '2018-04-05 00:29:07', 'Yishen', '2018-04-05 00:29:07', 'Yishen');
INSERT INTO `t_dict_item` VALUES ('1152ace1-3827-11e8-b733-54c27e767102', 'ca6dba44-3830-11e8-b733-54c27e767102', '莱芜市', '371200', '147', '莱芜市', '2018-04-05 00:29:07', 'Yishen', '2018-04-05 00:29:07', 'Yishen');
INSERT INTO `t_dict_item` VALUES ('1152ace1-3827-11e8-b733-54c27e767102', 'ca70932d-3830-11e8-b733-54c27e767102', '临沂市', '371300', '148', '临沂市', '2018-04-05 00:29:07', 'Yishen', '2018-04-05 00:29:07', 'Yishen');
INSERT INTO `t_dict_item` VALUES ('1152ace1-3827-11e8-b733-54c27e767102', 'ca737ffe-3830-11e8-b733-54c27e767102', '德州市', '371400', '149', '德州市', '2018-04-05 00:29:07', 'Yishen', '2018-04-05 00:29:07', 'Yishen');
INSERT INTO `t_dict_item` VALUES ('1152ace1-3827-11e8-b733-54c27e767102', 'ca7667c5-3830-11e8-b733-54c27e767102', '聊城市', '371500', '150', '聊城市', '2018-04-05 00:29:07', 'Yishen', '2018-04-05 00:29:07', 'Yishen');
INSERT INTO `t_dict_item` VALUES ('1152ace1-3827-11e8-b733-54c27e767102', 'ca7943c7-3830-11e8-b733-54c27e767102', '滨州市', '371600', '151', '滨州市', '2018-04-05 00:29:07', 'Yishen', '2018-04-05 00:29:07', 'Yishen');
INSERT INTO `t_dict_item` VALUES ('1152ace1-3827-11e8-b733-54c27e767102', 'ca7c9eb2-3830-11e8-b733-54c27e767102', '菏泽市', '371700', '152', '菏泽市', '2018-04-05 00:29:07', 'Yishen', '2018-04-05 00:29:07', 'Yishen');
INSERT INTO `t_dict_item` VALUES ('1152ace1-3827-11e8-b733-54c27e767102', 'ca7fa67f-3830-11e8-b733-54c27e767102', '郑州市', '410100', '153', '郑州市', '2018-04-05 00:29:07', 'Yishen', '2018-04-05 00:29:07', 'Yishen');
INSERT INTO `t_dict_item` VALUES ('1152ace1-3827-11e8-b733-54c27e767102', 'ca829e81-3830-11e8-b733-54c27e767102', '开封市', '410200', '154', '开封市', '2018-04-05 00:29:07', 'Yishen', '2018-04-05 00:29:07', 'Yishen');
INSERT INTO `t_dict_item` VALUES ('1152ace1-3827-11e8-b733-54c27e767102', 'ca85abae-3830-11e8-b733-54c27e767102', '洛阳市', '410300', '155', '洛阳市', '2018-04-05 00:29:07', 'Yishen', '2018-04-05 00:29:07', 'Yishen');
INSERT INTO `t_dict_item` VALUES ('1152ace1-3827-11e8-b733-54c27e767102', 'ca88aca7-3830-11e8-b733-54c27e767102', '平顶山市', '410400', '156', '平顶山市', '2018-04-05 00:29:07', 'Yishen', '2018-04-05 00:29:07', 'Yishen');
INSERT INTO `t_dict_item` VALUES ('1152ace1-3827-11e8-b733-54c27e767102', 'ca8bc97a-3830-11e8-b733-54c27e767102', '安阳市', '410500', '157', '安阳市', '2018-04-05 00:29:07', 'Yishen', '2018-04-05 00:29:07', 'Yishen');
INSERT INTO `t_dict_item` VALUES ('1152ace1-3827-11e8-b733-54c27e767102', 'ca8ee65a-3830-11e8-b733-54c27e767102', '鹤壁市', '410600', '158', '鹤壁市', '2018-04-05 00:29:07', 'Yishen', '2018-04-05 00:29:07', 'Yishen');
INSERT INTO `t_dict_item` VALUES ('1152ace1-3827-11e8-b733-54c27e767102', 'ca91d34b-3830-11e8-b733-54c27e767102', '新乡市', '410700', '159', '新乡市', '2018-04-05 00:29:07', 'Yishen', '2018-04-05 00:29:07', 'Yishen');
INSERT INTO `t_dict_item` VALUES ('1152ace1-3827-11e8-b733-54c27e767102', 'ca94edc3-3830-11e8-b733-54c27e767102', '焦作市', '410800', '160', '焦作市', '2018-04-05 00:29:07', 'Yishen', '2018-04-05 00:29:07', 'Yishen');
INSERT INTO `t_dict_item` VALUES ('1152ace1-3827-11e8-b733-54c27e767102', 'ca994d8b-3830-11e8-b733-54c27e767102', '濮阳市', '410900', '161', '濮阳市', '2018-04-05 00:29:07', 'Yishen', '2018-04-05 00:29:07', 'Yishen');
INSERT INTO `t_dict_item` VALUES ('1152ace1-3827-11e8-b733-54c27e767102', 'ca9c3706-3830-11e8-b733-54c27e767102', '许昌市', '411000', '162', '许昌市', '2018-04-05 00:29:07', 'Yishen', '2018-04-05 00:29:07', 'Yishen');
INSERT INTO `t_dict_item` VALUES ('1152ace1-3827-11e8-b733-54c27e767102', 'ca9f21ac-3830-11e8-b733-54c27e767102', '漯河市', '411100', '163', '漯河市', '2018-04-05 00:29:07', 'Yishen', '2018-04-05 00:29:07', 'Yishen');
INSERT INTO `t_dict_item` VALUES ('1152ace1-3827-11e8-b733-54c27e767102', 'caa2082b-3830-11e8-b733-54c27e767102', '三门峡市', '411200', '164', '三门峡市', '2018-04-05 00:29:07', 'Yishen', '2018-04-05 00:29:07', 'Yishen');
INSERT INTO `t_dict_item` VALUES ('1152ace1-3827-11e8-b733-54c27e767102', 'caa51270-3830-11e8-b733-54c27e767102', '南阳市', '411300', '165', '南阳市', '2018-04-05 00:29:07', 'Yishen', '2018-04-05 00:29:07', 'Yishen');
INSERT INTO `t_dict_item` VALUES ('1152ace1-3827-11e8-b733-54c27e767102', 'caa81552-3830-11e8-b733-54c27e767102', '商丘市', '411400', '166', '商丘市', '2018-04-05 00:29:07', 'Yishen', '2018-04-05 00:29:07', 'Yishen');
INSERT INTO `t_dict_item` VALUES ('1152ace1-3827-11e8-b733-54c27e767102', 'caab0907-3830-11e8-b733-54c27e767102', '信阳市', '411500', '167', '信阳市', '2018-04-05 00:29:07', 'Yishen', '2018-04-05 00:29:07', 'Yishen');
INSERT INTO `t_dict_item` VALUES ('1152ace1-3827-11e8-b733-54c27e767102', 'caadd525-3830-11e8-b733-54c27e767102', '周口市', '411600', '168', '周口市', '2018-04-05 00:29:07', 'Yishen', '2018-04-05 00:29:07', 'Yishen');
INSERT INTO `t_dict_item` VALUES ('1152ace1-3827-11e8-b733-54c27e767102', 'cab0d441-3830-11e8-b733-54c27e767102', '驻马店市', '411700', '169', '驻马店市', '2018-04-05 00:29:07', 'Yishen', '2018-04-05 00:29:07', 'Yishen');
INSERT INTO `t_dict_item` VALUES ('1152ace1-3827-11e8-b733-54c27e767102', 'cab3c3f0-3830-11e8-b733-54c27e767102', '济源市', '419001', '170', '济源市', '2018-04-05 00:29:07', 'Yishen', '2018-04-05 00:29:07', 'Yishen');
INSERT INTO `t_dict_item` VALUES ('1152ace1-3827-11e8-b733-54c27e767102', 'cab6b182-3830-11e8-b733-54c27e767102', '武汉市', '420100', '171', '武汉市', '2018-04-05 00:29:07', 'Yishen', '2018-04-05 00:29:07', 'Yishen');
INSERT INTO `t_dict_item` VALUES ('1152ace1-3827-11e8-b733-54c27e767102', 'cab9b664-3830-11e8-b733-54c27e767102', '黄石市', '420200', '172', '黄石市', '2018-04-05 00:29:07', 'Yishen', '2018-04-05 00:29:07', 'Yishen');
INSERT INTO `t_dict_item` VALUES ('1152ace1-3827-11e8-b733-54c27e767102', 'cabda5b1-3830-11e8-b733-54c27e767102', '十堰市', '420300', '173', '十堰市', '2018-04-05 00:29:07', 'Yishen', '2018-04-05 00:29:07', 'Yishen');
INSERT INTO `t_dict_item` VALUES ('1152ace1-3827-11e8-b733-54c27e767102', 'cac0b01c-3830-11e8-b733-54c27e767102', '宜昌市', '420500', '174', '宜昌市', '2018-04-05 00:29:07', 'Yishen', '2018-04-05 00:29:07', 'Yishen');
INSERT INTO `t_dict_item` VALUES ('1152ace1-3827-11e8-b733-54c27e767102', 'cac4a8fc-3830-11e8-b733-54c27e767102', '襄阳市', '420600', '175', '襄阳市', '2018-04-05 00:29:07', 'Yishen', '2018-04-05 00:29:07', 'Yishen');
INSERT INTO `t_dict_item` VALUES ('1152ace1-3827-11e8-b733-54c27e767102', 'cac7b694-3830-11e8-b733-54c27e767102', '鄂州市', '420700', '176', '鄂州市', '2018-04-05 00:29:07', 'Yishen', '2018-04-05 00:29:07', 'Yishen');
INSERT INTO `t_dict_item` VALUES ('1152ace1-3827-11e8-b733-54c27e767102', 'caca9a1f-3830-11e8-b733-54c27e767102', '荆门市', '420800', '177', '荆门市', '2018-04-05 00:29:07', 'Yishen', '2018-04-05 00:29:07', 'Yishen');
INSERT INTO `t_dict_item` VALUES ('1152ace1-3827-11e8-b733-54c27e767102', 'cacd972a-3830-11e8-b733-54c27e767102', '孝感市', '420900', '178', '孝感市', '2018-04-05 00:29:07', 'Yishen', '2018-04-05 00:29:07', 'Yishen');
INSERT INTO `t_dict_item` VALUES ('1152ace1-3827-11e8-b733-54c27e767102', 'cad0814d-3830-11e8-b733-54c27e767102', '荆州市', '421000', '179', '荆州市', '2018-04-05 00:29:07', 'Yishen', '2018-04-05 00:29:07', 'Yishen');
INSERT INTO `t_dict_item` VALUES ('1152ace1-3827-11e8-b733-54c27e767102', 'cad364f5-3830-11e8-b733-54c27e767102', '黄冈市', '421100', '180', '黄冈市', '2018-04-05 00:29:07', 'Yishen', '2018-04-05 00:29:07', 'Yishen');
INSERT INTO `t_dict_item` VALUES ('1152ace1-3827-11e8-b733-54c27e767102', 'cad6e468-3830-11e8-b733-54c27e767102', '咸宁市', '421200', '181', '咸宁市', '2018-04-05 00:29:07', 'Yishen', '2018-04-05 00:29:07', 'Yishen');
INSERT INTO `t_dict_item` VALUES ('1152ace1-3827-11e8-b733-54c27e767102', 'cad9ee02-3830-11e8-b733-54c27e767102', '随州市', '421300', '182', '随州市', '2018-04-05 00:29:07', 'Yishen', '2018-04-05 00:29:07', 'Yishen');
INSERT INTO `t_dict_item` VALUES ('1152ace1-3827-11e8-b733-54c27e767102', 'cadd8ce7-3830-11e8-b733-54c27e767102', '恩施土家族苗族自治州', '422800', '183', '恩施土家族苗族自治州', '2018-04-05 00:29:07', 'Yishen', '2018-04-05 00:29:07', 'Yishen');
INSERT INTO `t_dict_item` VALUES ('1152ace1-3827-11e8-b733-54c27e767102', 'cae094cd-3830-11e8-b733-54c27e767102', '仙桃市', '429004', '184', '仙桃市', '2018-04-05 00:29:07', 'Yishen', '2018-04-05 00:29:07', 'Yishen');
INSERT INTO `t_dict_item` VALUES ('1152ace1-3827-11e8-b733-54c27e767102', 'cae3838a-3830-11e8-b733-54c27e767102', '潜江市', '429005', '185', '潜江市', '2018-04-05 00:29:07', 'Yishen', '2018-04-05 00:29:07', 'Yishen');
INSERT INTO `t_dict_item` VALUES ('1152ace1-3827-11e8-b733-54c27e767102', 'cae6804f-3830-11e8-b733-54c27e767102', '天门市', '429006', '186', '天门市', '2018-04-05 00:29:07', 'Yishen', '2018-04-05 00:29:07', 'Yishen');
INSERT INTO `t_dict_item` VALUES ('1152ace1-3827-11e8-b733-54c27e767102', 'cae979ba-3830-11e8-b733-54c27e767102', '神农架林区', '429021', '187', '神农架林区', '2018-04-05 00:29:07', 'Yishen', '2018-04-05 00:29:07', 'Yishen');
INSERT INTO `t_dict_item` VALUES ('1152ace1-3827-11e8-b733-54c27e767102', 'caec62f7-3830-11e8-b733-54c27e767102', '长沙市', '430100', '188', '长沙市', '2018-04-05 00:29:07', 'Yishen', '2018-04-05 00:29:07', 'Yishen');
INSERT INTO `t_dict_item` VALUES ('1152ace1-3827-11e8-b733-54c27e767102', 'caef8331-3830-11e8-b733-54c27e767102', '株洲市', '430200', '189', '株洲市', '2018-04-05 00:29:07', 'Yishen', '2018-04-05 00:29:07', 'Yishen');
INSERT INTO `t_dict_item` VALUES ('1152ace1-3827-11e8-b733-54c27e767102', 'caf35b36-3830-11e8-b733-54c27e767102', '湘潭市', '430300', '190', '湘潭市', '2018-04-05 00:29:07', 'Yishen', '2018-04-05 00:29:07', 'Yishen');
INSERT INTO `t_dict_item` VALUES ('1152ace1-3827-11e8-b733-54c27e767102', 'caf6a158-3830-11e8-b733-54c27e767102', '衡阳市', '430400', '191', '衡阳市', '2018-04-05 00:29:07', 'Yishen', '2018-04-05 00:29:07', 'Yishen');
INSERT INTO `t_dict_item` VALUES ('1152ace1-3827-11e8-b733-54c27e767102', 'caf99595-3830-11e8-b733-54c27e767102', '邵阳市', '430500', '192', '邵阳市', '2018-04-05 00:29:07', 'Yishen', '2018-04-05 00:29:07', 'Yishen');
INSERT INTO `t_dict_item` VALUES ('1152ace1-3827-11e8-b733-54c27e767102', 'cafca134-3830-11e8-b733-54c27e767102', '岳阳市', '430600', '193', '岳阳市', '2018-04-05 00:29:07', 'Yishen', '2018-04-05 00:29:07', 'Yishen');
INSERT INTO `t_dict_item` VALUES ('1152ace1-3827-11e8-b733-54c27e767102', 'caffad6a-3830-11e8-b733-54c27e767102', '常德市', '430700', '194', '常德市', '2018-04-05 00:29:07', 'Yishen', '2018-04-05 00:29:07', 'Yishen');
INSERT INTO `t_dict_item` VALUES ('1152ace1-3827-11e8-b733-54c27e767102', 'cb02c814-3830-11e8-b733-54c27e767102', '张家界市', '430800', '195', '张家界市', '2018-04-05 00:29:07', 'Yishen', '2018-04-05 00:29:07', 'Yishen');
INSERT INTO `t_dict_item` VALUES ('1152ace1-3827-11e8-b733-54c27e767102', 'cb05cd27-3830-11e8-b733-54c27e767102', '益阳市', '430900', '196', '益阳市', '2018-04-05 00:29:07', 'Yishen', '2018-04-05 00:29:07', 'Yishen');
INSERT INTO `t_dict_item` VALUES ('1152ace1-3827-11e8-b733-54c27e767102', 'cb08c1a6-3830-11e8-b733-54c27e767102', '郴州市', '431000', '197', '郴州市', '2018-04-05 00:29:07', 'Yishen', '2018-04-05 00:29:07', 'Yishen');
INSERT INTO `t_dict_item` VALUES ('1152ace1-3827-11e8-b733-54c27e767102', 'cb0bdcba-3830-11e8-b733-54c27e767102', '永州市', '431100', '198', '永州市', '2018-04-05 00:29:07', 'Yishen', '2018-04-05 00:29:07', 'Yishen');
INSERT INTO `t_dict_item` VALUES ('1152ace1-3827-11e8-b733-54c27e767102', 'cb0ecdc6-3830-11e8-b733-54c27e767102', '怀化市', '431200', '199', '怀化市', '2018-04-05 00:29:07', 'Yishen', '2018-04-05 00:29:07', 'Yishen');
INSERT INTO `t_dict_item` VALUES ('1152ace1-3827-11e8-b733-54c27e767102', 'cb125b8b-3830-11e8-b733-54c27e767102', '娄底市', '431300', '200', '娄底市', '2018-04-05 00:29:07', 'Yishen', '2018-04-05 00:29:07', 'Yishen');
INSERT INTO `t_dict_item` VALUES ('1152ace1-3827-11e8-b733-54c27e767102', 'cb15581b-3830-11e8-b733-54c27e767102', '湘西土家族苗族自治州', '433100', '201', '湘西土家族苗族自治州', '2018-04-05 00:29:07', 'Yishen', '2018-04-05 00:29:07', 'Yishen');
INSERT INTO `t_dict_item` VALUES ('1152ace1-3827-11e8-b733-54c27e767102', 'cb183199-3830-11e8-b733-54c27e767102', '广州市', '440100', '202', '广州市', '2018-04-05 00:29:07', 'Yishen', '2018-04-05 00:29:07', 'Yishen');
INSERT INTO `t_dict_item` VALUES ('1152ace1-3827-11e8-b733-54c27e767102', 'cb1c3ad4-3830-11e8-b733-54c27e767102', '韶关市', '440200', '203', '韶关市', '2018-04-05 00:29:07', 'Yishen', '2018-04-05 00:29:07', 'Yishen');
INSERT INTO `t_dict_item` VALUES ('1152ace1-3827-11e8-b733-54c27e767102', 'cb1fc684-3830-11e8-b733-54c27e767102', '深圳市', '440300', '204', '深圳市', '2018-04-05 00:29:07', 'Yishen', '2018-04-05 00:29:07', 'Yishen');
INSERT INTO `t_dict_item` VALUES ('1152ace1-3827-11e8-b733-54c27e767102', 'cb22d5c6-3830-11e8-b733-54c27e767102', '珠海市', '440400', '205', '珠海市', '2018-04-05 00:29:07', 'Yishen', '2018-04-05 00:29:07', 'Yishen');
INSERT INTO `t_dict_item` VALUES ('1152ace1-3827-11e8-b733-54c27e767102', 'cb267df1-3830-11e8-b733-54c27e767102', '汕头市', '440500', '206', '汕头市', '2018-04-05 00:29:07', 'Yishen', '2018-04-05 00:29:07', 'Yishen');
INSERT INTO `t_dict_item` VALUES ('1152ace1-3827-11e8-b733-54c27e767102', 'cb295571-3830-11e8-b733-54c27e767102', '佛山市', '440600', '207', '佛山市', '2018-04-05 00:29:07', 'Yishen', '2018-04-05 00:29:07', 'Yishen');
INSERT INTO `t_dict_item` VALUES ('1152ace1-3827-11e8-b733-54c27e767102', 'cb2c72bc-3830-11e8-b733-54c27e767102', '江门市', '440700', '208', '江门市', '2018-04-05 00:29:07', 'Yishen', '2018-04-05 00:29:07', 'Yishen');
INSERT INTO `t_dict_item` VALUES ('1152ace1-3827-11e8-b733-54c27e767102', 'cb2f4fcc-3830-11e8-b733-54c27e767102', '湛江市', '440800', '209', '湛江市', '2018-04-05 00:29:07', 'Yishen', '2018-04-05 00:29:07', 'Yishen');
INSERT INTO `t_dict_item` VALUES ('1152ace1-3827-11e8-b733-54c27e767102', 'cb324f8d-3830-11e8-b733-54c27e767102', '茂名市', '440900', '210', '茂名市', '2018-04-05 00:29:07', 'Yishen', '2018-04-05 00:29:07', 'Yishen');
INSERT INTO `t_dict_item` VALUES ('1152ace1-3827-11e8-b733-54c27e767102', 'cb357987-3830-11e8-b733-54c27e767102', '肇庆市', '441200', '211', '肇庆市', '2018-04-05 00:29:07', 'Yishen', '2018-04-05 00:29:07', 'Yishen');
INSERT INTO `t_dict_item` VALUES ('1152ace1-3827-11e8-b733-54c27e767102', 'cb389994-3830-11e8-b733-54c27e767102', '惠州市', '441300', '212', '惠州市', '2018-04-05 00:29:07', 'Yishen', '2018-04-05 00:29:07', 'Yishen');
INSERT INTO `t_dict_item` VALUES ('1152ace1-3827-11e8-b733-54c27e767102', 'cb3bbd69-3830-11e8-b733-54c27e767102', '梅州市', '441400', '213', '梅州市', '2018-04-05 00:29:07', 'Yishen', '2018-04-05 00:29:07', 'Yishen');
INSERT INTO `t_dict_item` VALUES ('1152ace1-3827-11e8-b733-54c27e767102', 'cb3edb16-3830-11e8-b733-54c27e767102', '汕尾市', '441500', '214', '汕尾市', '2018-04-05 00:29:07', 'Yishen', '2018-04-05 00:29:07', 'Yishen');
INSERT INTO `t_dict_item` VALUES ('1152ace1-3827-11e8-b733-54c27e767102', 'cb41f565-3830-11e8-b733-54c27e767102', '河源市', '441600', '215', '河源市', '2018-04-05 00:29:07', 'Yishen', '2018-04-05 00:29:07', 'Yishen');
INSERT INTO `t_dict_item` VALUES ('1152ace1-3827-11e8-b733-54c27e767102', 'cb450259-3830-11e8-b733-54c27e767102', '阳江市', '441700', '216', '阳江市', '2018-04-05 00:29:07', 'Yishen', '2018-04-05 00:29:07', 'Yishen');
INSERT INTO `t_dict_item` VALUES ('1152ace1-3827-11e8-b733-54c27e767102', 'cb484066-3830-11e8-b733-54c27e767102', '清远市', '441800', '217', '清远市', '2018-04-05 00:29:07', 'Yishen', '2018-04-05 00:29:07', 'Yishen');
INSERT INTO `t_dict_item` VALUES ('1152ace1-3827-11e8-b733-54c27e767102', 'cb4b488a-3830-11e8-b733-54c27e767102', '东莞市', '441900', '218', '东莞市', '2018-04-05 00:29:07', 'Yishen', '2018-04-05 00:29:07', 'Yishen');
INSERT INTO `t_dict_item` VALUES ('1152ace1-3827-11e8-b733-54c27e767102', 'cb4e582f-3830-11e8-b733-54c27e767102', '中山市', '442000', '219', '中山市', '2018-04-05 00:29:07', 'Yishen', '2018-04-05 00:29:07', 'Yishen');
INSERT INTO `t_dict_item` VALUES ('1152ace1-3827-11e8-b733-54c27e767102', 'cb515ddb-3830-11e8-b733-54c27e767102', '潮州市', '445100', '220', '潮州市', '2018-04-05 00:29:07', 'Yishen', '2018-04-05 00:29:07', 'Yishen');
INSERT INTO `t_dict_item` VALUES ('1152ace1-3827-11e8-b733-54c27e767102', 'cb547eac-3830-11e8-b733-54c27e767102', '揭阳市', '445200', '221', '揭阳市', '2018-04-05 00:29:07', 'Yishen', '2018-04-05 00:29:07', 'Yishen');
INSERT INTO `t_dict_item` VALUES ('1152ace1-3827-11e8-b733-54c27e767102', 'cb578b56-3830-11e8-b733-54c27e767102', '云浮市', '445300', '222', '云浮市', '2018-04-05 00:29:07', 'Yishen', '2018-04-05 00:29:07', 'Yishen');
INSERT INTO `t_dict_item` VALUES ('1152ace1-3827-11e8-b733-54c27e767102', 'cb5a72bb-3830-11e8-b733-54c27e767102', '南宁市', '450100', '223', '南宁市', '2018-04-05 00:29:07', 'Yishen', '2018-04-05 00:29:07', 'Yishen');
INSERT INTO `t_dict_item` VALUES ('1152ace1-3827-11e8-b733-54c27e767102', 'cb5dd793-3830-11e8-b733-54c27e767102', '柳州市', '450200', '224', '柳州市', '2018-04-05 00:29:07', 'Yishen', '2018-04-05 00:29:07', 'Yishen');
INSERT INTO `t_dict_item` VALUES ('1152ace1-3827-11e8-b733-54c27e767102', 'cb60e667-3830-11e8-b733-54c27e767102', '桂林市', '450300', '225', '桂林市', '2018-04-05 00:29:07', 'Yishen', '2018-04-05 00:29:07', 'Yishen');
INSERT INTO `t_dict_item` VALUES ('1152ace1-3827-11e8-b733-54c27e767102', 'cb677f2e-3830-11e8-b733-54c27e767102', '梧州市', '450400', '226', '梧州市', '2018-04-05 00:29:07', 'Yishen', '2018-04-05 00:29:07', 'Yishen');
INSERT INTO `t_dict_item` VALUES ('1152ace1-3827-11e8-b733-54c27e767102', 'cb6a6465-3830-11e8-b733-54c27e767102', '北海市', '450500', '227', '北海市', '2018-04-05 00:29:07', 'Yishen', '2018-04-05 00:29:07', 'Yishen');
INSERT INTO `t_dict_item` VALUES ('1152ace1-3827-11e8-b733-54c27e767102', 'cb6d6f26-3830-11e8-b733-54c27e767102', '防城港市', '450600', '228', '防城港市', '2018-04-05 00:29:07', 'Yishen', '2018-04-05 00:29:07', 'Yishen');
INSERT INTO `t_dict_item` VALUES ('1152ace1-3827-11e8-b733-54c27e767102', 'cb713e48-3830-11e8-b733-54c27e767102', '钦州市', '450700', '229', '钦州市', '2018-04-05 00:29:07', 'Yishen', '2018-04-05 00:29:07', 'Yishen');
INSERT INTO `t_dict_item` VALUES ('1152ace1-3827-11e8-b733-54c27e767102', 'cb744bcf-3830-11e8-b733-54c27e767102', '贵港市', '450800', '230', '贵港市', '2018-04-05 00:29:07', 'Yishen', '2018-04-05 00:29:07', 'Yishen');
INSERT INTO `t_dict_item` VALUES ('1152ace1-3827-11e8-b733-54c27e767102', 'cb774d0d-3830-11e8-b733-54c27e767102', '玉林市', '450900', '231', '玉林市', '2018-04-05 00:29:07', 'Yishen', '2018-04-05 00:29:07', 'Yishen');
INSERT INTO `t_dict_item` VALUES ('1152ace1-3827-11e8-b733-54c27e767102', 'cb7a5711-3830-11e8-b733-54c27e767102', '百色市', '451000', '232', '百色市', '2018-04-05 00:29:07', 'Yishen', '2018-04-05 00:29:07', 'Yishen');
INSERT INTO `t_dict_item` VALUES ('1152ace1-3827-11e8-b733-54c27e767102', 'cb7d6453-3830-11e8-b733-54c27e767102', '贺州市', '451100', '233', '贺州市', '2018-04-05 00:29:07', 'Yishen', '2018-04-05 00:29:07', 'Yishen');
INSERT INTO `t_dict_item` VALUES ('1152ace1-3827-11e8-b733-54c27e767102', 'cb805a68-3830-11e8-b733-54c27e767102', '河池市', '451200', '234', '河池市', '2018-04-05 00:29:07', 'Yishen', '2018-04-05 00:29:07', 'Yishen');
INSERT INTO `t_dict_item` VALUES ('1152ace1-3827-11e8-b733-54c27e767102', 'cb835276-3830-11e8-b733-54c27e767102', '来宾市', '451300', '235', '来宾市', '2018-04-05 00:29:07', 'Yishen', '2018-04-05 00:29:07', 'Yishen');
INSERT INTO `t_dict_item` VALUES ('1152ace1-3827-11e8-b733-54c27e767102', 'cb87038f-3830-11e8-b733-54c27e767102', '崇左市', '451400', '236', '崇左市', '2018-04-05 00:29:07', 'Yishen', '2018-04-05 00:29:07', 'Yishen');
INSERT INTO `t_dict_item` VALUES ('1152ace1-3827-11e8-b733-54c27e767102', 'cb89ef54-3830-11e8-b733-54c27e767102', '海口市', '460100', '237', '海口市', '2018-04-05 00:29:07', 'Yishen', '2018-04-05 00:29:07', 'Yishen');
INSERT INTO `t_dict_item` VALUES ('1152ace1-3827-11e8-b733-54c27e767102', 'cb8d290a-3830-11e8-b733-54c27e767102', '三亚市', '460200', '238', '三亚市', '2018-04-05 00:29:07', 'Yishen', '2018-04-05 00:29:07', 'Yishen');
INSERT INTO `t_dict_item` VALUES ('1152ace1-3827-11e8-b733-54c27e767102', 'cb9027f1-3830-11e8-b733-54c27e767102', '三沙市', '460300', '239', '三沙市', '2018-04-05 00:29:07', 'Yishen', '2018-04-05 00:29:07', 'Yishen');
INSERT INTO `t_dict_item` VALUES ('1152ace1-3827-11e8-b733-54c27e767102', 'cb945cd7-3830-11e8-b733-54c27e767102', '儋州市', '460400', '240', '儋州市', '2018-04-05 00:29:07', 'Yishen', '2018-04-05 00:29:07', 'Yishen');
INSERT INTO `t_dict_item` VALUES ('1152ace1-3827-11e8-b733-54c27e767102', 'cb9754f6-3830-11e8-b733-54c27e767102', '五指山市', '469001', '241', '五指山市', '2018-04-05 00:29:07', 'Yishen', '2018-04-05 00:29:07', 'Yishen');
INSERT INTO `t_dict_item` VALUES ('1152ace1-3827-11e8-b733-54c27e767102', 'cb9b0df2-3830-11e8-b733-54c27e767102', '琼海市', '469002', '242', '琼海市', '2018-04-05 00:29:07', 'Yishen', '2018-04-05 00:29:07', 'Yishen');
INSERT INTO `t_dict_item` VALUES ('1152ace1-3827-11e8-b733-54c27e767102', 'cb9e1c9d-3830-11e8-b733-54c27e767102', '文昌市', '469005', '243', '文昌市', '2018-04-05 00:29:07', 'Yishen', '2018-04-05 00:29:07', 'Yishen');
INSERT INTO `t_dict_item` VALUES ('1152ace1-3827-11e8-b733-54c27e767102', 'cba11247-3830-11e8-b733-54c27e767102', '万宁市', '469006', '244', '万宁市', '2018-04-05 00:29:07', 'Yishen', '2018-04-05 00:29:07', 'Yishen');
INSERT INTO `t_dict_item` VALUES ('1152ace1-3827-11e8-b733-54c27e767102', 'cba41303-3830-11e8-b733-54c27e767102', '东方市', '469007', '245', '东方市', '2018-04-05 00:29:07', 'Yishen', '2018-04-05 00:29:07', 'Yishen');
INSERT INTO `t_dict_item` VALUES ('1152ace1-3827-11e8-b733-54c27e767102', 'cba732ad-3830-11e8-b733-54c27e767102', '定安县', '469021', '246', '定安县', '2018-04-05 00:29:07', 'Yishen', '2018-04-05 00:29:07', 'Yishen');
INSERT INTO `t_dict_item` VALUES ('1152ace1-3827-11e8-b733-54c27e767102', 'cbaa0ba3-3830-11e8-b733-54c27e767102', '屯昌县', '469022', '247', '屯昌县', '2018-04-05 00:29:07', 'Yishen', '2018-04-05 00:29:07', 'Yishen');
INSERT INTO `t_dict_item` VALUES ('1152ace1-3827-11e8-b733-54c27e767102', 'cbae321e-3830-11e8-b733-54c27e767102', '澄迈县', '469023', '248', '澄迈县', '2018-04-05 00:29:07', 'Yishen', '2018-04-05 00:29:07', 'Yishen');
INSERT INTO `t_dict_item` VALUES ('1152ace1-3827-11e8-b733-54c27e767102', 'cbb13a2a-3830-11e8-b733-54c27e767102', '临高县', '469024', '249', '临高县', '2018-04-05 00:29:07', 'Yishen', '2018-04-05 00:29:07', 'Yishen');
INSERT INTO `t_dict_item` VALUES ('1152ace1-3827-11e8-b733-54c27e767102', 'cbb42a0e-3830-11e8-b733-54c27e767102', '白沙黎族自治县', '469025', '250', '白沙黎族自治县', '2018-04-05 00:29:07', 'Yishen', '2018-04-05 00:29:07', 'Yishen');
INSERT INTO `t_dict_item` VALUES ('1152ace1-3827-11e8-b733-54c27e767102', 'cbb71d96-3830-11e8-b733-54c27e767102', '昌江黎族自治县', '469026', '251', '昌江黎族自治县', '2018-04-05 00:29:07', 'Yishen', '2018-04-05 00:29:07', 'Yishen');
INSERT INTO `t_dict_item` VALUES ('1152ace1-3827-11e8-b733-54c27e767102', 'cbba4359-3830-11e8-b733-54c27e767102', '乐东黎族自治县', '469027', '252', '乐东黎族自治县', '2018-04-05 00:29:07', 'Yishen', '2018-04-05 00:29:07', 'Yishen');
INSERT INTO `t_dict_item` VALUES ('1152ace1-3827-11e8-b733-54c27e767102', 'cbbd24e3-3830-11e8-b733-54c27e767102', '陵水黎族自治县', '469028', '253', '陵水黎族自治县', '2018-04-05 00:29:07', 'Yishen', '2018-04-05 00:29:07', 'Yishen');
INSERT INTO `t_dict_item` VALUES ('1152ace1-3827-11e8-b733-54c27e767102', 'cbc0107b-3830-11e8-b733-54c27e767102', '保亭黎族苗族自治县', '469029', '254', '保亭黎族苗族自治县', '2018-04-05 00:29:07', 'Yishen', '2018-04-05 00:29:07', 'Yishen');
INSERT INTO `t_dict_item` VALUES ('1152ace1-3827-11e8-b733-54c27e767102', 'cbc32645-3830-11e8-b733-54c27e767102', '琼中黎族苗族自治县', '469030', '255', '琼中黎族苗族自治县', '2018-04-05 00:29:07', 'Yishen', '2018-04-05 00:29:07', 'Yishen');
INSERT INTO `t_dict_item` VALUES ('1152ace1-3827-11e8-b733-54c27e767102', 'cbc606b0-3830-11e8-b733-54c27e767102', '重庆市', '500000', '256', '重庆市', '2018-04-05 00:29:07', 'Yishen', '2018-04-05 00:29:07', 'Yishen');
INSERT INTO `t_dict_item` VALUES ('1152ace1-3827-11e8-b733-54c27e767102', 'cbc905a7-3830-11e8-b733-54c27e767102', '成都市', '510100', '257', '成都市', '2018-04-05 00:29:07', 'Yishen', '2018-04-05 00:29:07', 'Yishen');
INSERT INTO `t_dict_item` VALUES ('1152ace1-3827-11e8-b733-54c27e767102', 'cbcc179b-3830-11e8-b733-54c27e767102', '自贡市', '510300', '258', '自贡市', '2018-04-05 00:29:07', 'Yishen', '2018-04-05 00:29:07', 'Yishen');
INSERT INTO `t_dict_item` VALUES ('1152ace1-3827-11e8-b733-54c27e767102', 'cbd09d85-3830-11e8-b733-54c27e767102', '攀枝花市', '510400', '259', '攀枝花市', '2018-04-05 00:29:07', 'Yishen', '2018-04-05 00:29:07', 'Yishen');
INSERT INTO `t_dict_item` VALUES ('1152ace1-3827-11e8-b733-54c27e767102', 'cbd45cb3-3830-11e8-b733-54c27e767102', '泸州市', '510500', '260', '泸州市', '2018-04-05 00:29:07', 'Yishen', '2018-04-05 00:29:07', 'Yishen');
INSERT INTO `t_dict_item` VALUES ('1152ace1-3827-11e8-b733-54c27e767102', 'cbd74ba5-3830-11e8-b733-54c27e767102', '德阳市', '510600', '261', '德阳市', '2018-04-05 00:29:07', 'Yishen', '2018-04-05 00:29:07', 'Yishen');
INSERT INTO `t_dict_item` VALUES ('1152ace1-3827-11e8-b733-54c27e767102', 'cbda43c4-3830-11e8-b733-54c27e767102', '绵阳市', '510700', '262', '绵阳市', '2018-04-05 00:29:07', 'Yishen', '2018-04-05 00:29:07', 'Yishen');
INSERT INTO `t_dict_item` VALUES ('1152ace1-3827-11e8-b733-54c27e767102', 'cbdd4b0a-3830-11e8-b733-54c27e767102', '广元市', '510800', '263', '广元市', '2018-04-05 00:29:07', 'Yishen', '2018-04-05 00:29:07', 'Yishen');
INSERT INTO `t_dict_item` VALUES ('1152ace1-3827-11e8-b733-54c27e767102', 'cbe146b0-3830-11e8-b733-54c27e767102', '遂宁市', '510900', '264', '遂宁市', '2018-04-05 00:29:07', 'Yishen', '2018-04-05 00:29:07', 'Yishen');
INSERT INTO `t_dict_item` VALUES ('1152ace1-3827-11e8-b733-54c27e767102', 'cbe44799-3830-11e8-b733-54c27e767102', '内江市', '511000', '265', '内江市', '2018-04-05 00:29:07', 'Yishen', '2018-04-05 00:29:07', 'Yishen');
INSERT INTO `t_dict_item` VALUES ('1152ace1-3827-11e8-b733-54c27e767102', 'cbe757ee-3830-11e8-b733-54c27e767102', '乐山市', '511100', '266', '乐山市', '2018-04-05 00:29:07', 'Yishen', '2018-04-05 00:29:07', 'Yishen');
INSERT INTO `t_dict_item` VALUES ('1152ace1-3827-11e8-b733-54c27e767102', 'cbea7da8-3830-11e8-b733-54c27e767102', '南充市', '511300', '267', '南充市', '2018-04-05 00:29:07', 'Yishen', '2018-04-05 00:29:07', 'Yishen');
INSERT INTO `t_dict_item` VALUES ('1152ace1-3827-11e8-b733-54c27e767102', 'cbed999a-3830-11e8-b733-54c27e767102', '眉山市', '511400', '268', '眉山市', '2018-04-05 00:29:07', 'Yishen', '2018-04-05 00:29:07', 'Yishen');
INSERT INTO `t_dict_item` VALUES ('1152ace1-3827-11e8-b733-54c27e767102', 'cbf0a4ca-3830-11e8-b733-54c27e767102', '宜宾市', '511500', '269', '宜宾市', '2018-04-05 00:29:07', 'Yishen', '2018-04-05 00:29:07', 'Yishen');
INSERT INTO `t_dict_item` VALUES ('1152ace1-3827-11e8-b733-54c27e767102', 'cbf39169-3830-11e8-b733-54c27e767102', '广安市', '511600', '270', '广安市', '2018-04-05 00:29:07', 'Yishen', '2018-04-05 00:29:07', 'Yishen');
INSERT INTO `t_dict_item` VALUES ('1152ace1-3827-11e8-b733-54c27e767102', 'cbf67ebc-3830-11e8-b733-54c27e767102', '达州市', '511700', '271', '达州市', '2018-04-05 00:29:07', 'Yishen', '2018-04-05 00:29:07', 'Yishen');
INSERT INTO `t_dict_item` VALUES ('1152ace1-3827-11e8-b733-54c27e767102', 'cbf96e5b-3830-11e8-b733-54c27e767102', '雅安市', '511800', '272', '雅安市', '2018-04-05 00:29:07', 'Yishen', '2018-04-05 00:29:07', 'Yishen');
INSERT INTO `t_dict_item` VALUES ('1152ace1-3827-11e8-b733-54c27e767102', 'cbfc7390-3830-11e8-b733-54c27e767102', '巴中市', '511900', '273', '巴中市', '2018-04-05 00:29:07', 'Yishen', '2018-04-05 00:29:07', 'Yishen');
INSERT INTO `t_dict_item` VALUES ('1152ace1-3827-11e8-b733-54c27e767102', 'cbff61b9-3830-11e8-b733-54c27e767102', '资阳市', '512000', '274', '资阳市', '2018-04-05 00:29:07', 'Yishen', '2018-04-05 00:29:07', 'Yishen');
INSERT INTO `t_dict_item` VALUES ('1152ace1-3827-11e8-b733-54c27e767102', 'cc035831-3830-11e8-b733-54c27e767102', '阿坝藏族羌族自治州', '513200', '275', '阿坝藏族羌族自治州', '2018-04-05 00:29:07', 'Yishen', '2018-04-05 00:29:07', 'Yishen');
INSERT INTO `t_dict_item` VALUES ('1152ace1-3827-11e8-b733-54c27e767102', 'cc065ce6-3830-11e8-b733-54c27e767102', '甘孜藏族自治州', '513300', '276', '甘孜藏族自治州', '2018-04-05 00:29:07', 'Yishen', '2018-04-05 00:29:07', 'Yishen');
INSERT INTO `t_dict_item` VALUES ('1152ace1-3827-11e8-b733-54c27e767102', 'cc0a27a8-3830-11e8-b733-54c27e767102', '凉山彝族自治州', '513400', '277', '凉山彝族自治州', '2018-04-05 00:29:07', 'Yishen', '2018-04-05 00:29:07', 'Yishen');
INSERT INTO `t_dict_item` VALUES ('1152ace1-3827-11e8-b733-54c27e767102', 'cc0d4813-3830-11e8-b733-54c27e767102', '贵阳市', '520100', '278', '贵阳市', '2018-04-05 00:29:07', 'Yishen', '2018-04-05 00:29:07', 'Yishen');
INSERT INTO `t_dict_item` VALUES ('1152ace1-3827-11e8-b733-54c27e767102', 'cc1040da-3830-11e8-b733-54c27e767102', '六盘水市', '520200', '279', '六盘水市', '2018-04-05 00:29:07', 'Yishen', '2018-04-05 00:29:07', 'Yishen');
INSERT INTO `t_dict_item` VALUES ('1152ace1-3827-11e8-b733-54c27e767102', 'cc133e47-3830-11e8-b733-54c27e767102', '遵义市', '520300', '280', '遵义市', '2018-04-05 00:29:07', 'Yishen', '2018-04-05 00:29:07', 'Yishen');
INSERT INTO `t_dict_item` VALUES ('1152ace1-3827-11e8-b733-54c27e767102', 'cc1657c9-3830-11e8-b733-54c27e767102', '安顺市', '520400', '281', '安顺市', '2018-04-05 00:29:07', 'Yishen', '2018-04-05 00:29:07', 'Yishen');
INSERT INTO `t_dict_item` VALUES ('1152ace1-3827-11e8-b733-54c27e767102', 'cc195d47-3830-11e8-b733-54c27e767102', '毕节市', '520500', '282', '毕节市', '2018-04-05 00:29:07', 'Yishen', '2018-04-05 00:29:07', 'Yishen');
INSERT INTO `t_dict_item` VALUES ('1152ace1-3827-11e8-b733-54c27e767102', 'cc1c44b0-3830-11e8-b733-54c27e767102', '铜仁市', '520600', '283', '铜仁市', '2018-04-05 00:29:07', 'Yishen', '2018-04-05 00:29:07', 'Yishen');
INSERT INTO `t_dict_item` VALUES ('1152ace1-3827-11e8-b733-54c27e767102', 'cc20e675-3830-11e8-b733-54c27e767102', '黔西南布依族苗族自治州', '522300', '284', '黔西南布依族苗族自治州', '2018-04-05 00:29:07', 'Yishen', '2018-04-05 00:29:07', 'Yishen');
INSERT INTO `t_dict_item` VALUES ('1152ace1-3827-11e8-b733-54c27e767102', 'cc24768e-3830-11e8-b733-54c27e767102', '黔东南苗族侗族自治州', '522600', '285', '黔东南苗族侗族自治州', '2018-04-05 00:29:07', 'Yishen', '2018-04-05 00:29:07', 'Yishen');
INSERT INTO `t_dict_item` VALUES ('1152ace1-3827-11e8-b733-54c27e767102', 'cc276ff5-3830-11e8-b733-54c27e767102', '黔南布依族苗族自治州', '522700', '286', '黔南布依族苗族自治州', '2018-04-05 00:29:07', 'Yishen', '2018-04-05 00:29:07', 'Yishen');
INSERT INTO `t_dict_item` VALUES ('1152ace1-3827-11e8-b733-54c27e767102', 'cc2a8956-3830-11e8-b733-54c27e767102', '昆明市', '530100', '287', '昆明市', '2018-04-05 00:29:07', 'Yishen', '2018-04-05 00:29:07', 'Yishen');
INSERT INTO `t_dict_item` VALUES ('1152ace1-3827-11e8-b733-54c27e767102', 'cc2f1197-3830-11e8-b733-54c27e767102', '曲靖市', '530300', '288', '曲靖市', '2018-04-05 00:29:07', 'Yishen', '2018-04-05 00:29:07', 'Yishen');
INSERT INTO `t_dict_item` VALUES ('1152ace1-3827-11e8-b733-54c27e767102', 'cc31ff97-3830-11e8-b733-54c27e767102', '玉溪市', '530400', '289', '玉溪市', '2018-04-05 00:29:07', 'Yishen', '2018-04-05 00:29:07', 'Yishen');
INSERT INTO `t_dict_item` VALUES ('1152ace1-3827-11e8-b733-54c27e767102', 'cc34e3e4-3830-11e8-b733-54c27e767102', '保山市', '530500', '290', '保山市', '2018-04-05 00:29:07', 'Yishen', '2018-04-05 00:29:07', 'Yishen');
INSERT INTO `t_dict_item` VALUES ('1152ace1-3827-11e8-b733-54c27e767102', 'cc37cf6c-3830-11e8-b733-54c27e767102', '昭通市', '530600', '291', '昭通市', '2018-04-05 00:29:07', 'Yishen', '2018-04-05 00:29:07', 'Yishen');
INSERT INTO `t_dict_item` VALUES ('1152ace1-3827-11e8-b733-54c27e767102', 'cc3b07e9-3830-11e8-b733-54c27e767102', '丽江市', '530700', '292', '丽江市', '2018-04-05 00:29:07', 'Yishen', '2018-04-05 00:29:07', 'Yishen');
INSERT INTO `t_dict_item` VALUES ('1152ace1-3827-11e8-b733-54c27e767102', 'cc3e133d-3830-11e8-b733-54c27e767102', '普洱市', '530800', '293', '普洱市', '2018-04-05 00:29:07', 'Yishen', '2018-04-05 00:29:07', 'Yishen');
INSERT INTO `t_dict_item` VALUES ('1152ace1-3827-11e8-b733-54c27e767102', 'cc41296d-3830-11e8-b733-54c27e767102', '临沧市', '530900', '294', '临沧市', '2018-04-05 00:29:07', 'Yishen', '2018-04-05 00:29:07', 'Yishen');
INSERT INTO `t_dict_item` VALUES ('1152ace1-3827-11e8-b733-54c27e767102', 'cc43ff68-3830-11e8-b733-54c27e767102', '楚雄彝族自治州', '532300', '295', '楚雄彝族自治州', '2018-04-05 00:29:07', 'Yishen', '2018-04-05 00:29:07', 'Yishen');
INSERT INTO `t_dict_item` VALUES ('1152ace1-3827-11e8-b733-54c27e767102', 'cc46dab9-3830-11e8-b733-54c27e767102', '红河哈尼族彝族自治州', '532500', '296', '红河哈尼族彝族自治州', '2018-04-05 00:29:07', 'Yishen', '2018-04-05 00:29:07', 'Yishen');
INSERT INTO `t_dict_item` VALUES ('1152ace1-3827-11e8-b733-54c27e767102', 'cc49d980-3830-11e8-b733-54c27e767102', '文山壮族苗族自治州', '532600', '297', '文山壮族苗族自治州', '2018-04-05 00:29:07', 'Yishen', '2018-04-05 00:29:07', 'Yishen');
INSERT INTO `t_dict_item` VALUES ('1152ace1-3827-11e8-b733-54c27e767102', 'cc4da04b-3830-11e8-b733-54c27e767102', '西双版纳傣族自治州', '532800', '298', '西双版纳傣族自治州', '2018-04-05 00:29:07', 'Yishen', '2018-04-05 00:29:07', 'Yishen');
INSERT INTO `t_dict_item` VALUES ('1152ace1-3827-11e8-b733-54c27e767102', 'cc508cbd-3830-11e8-b733-54c27e767102', '大理白族自治州', '532900', '299', '大理白族自治州', '2018-04-05 00:29:07', 'Yishen', '2018-04-05 00:29:07', 'Yishen');
INSERT INTO `t_dict_item` VALUES ('1152ace1-3827-11e8-b733-54c27e767102', 'cc53b02c-3830-11e8-b733-54c27e767102', '德宏傣族景颇族自治州', '533100', '300', '德宏傣族景颇族自治州', '2018-04-05 00:29:07', 'Yishen', '2018-04-05 00:29:07', 'Yishen');
INSERT INTO `t_dict_item` VALUES ('1152ace1-3827-11e8-b733-54c27e767102', 'cc5760e2-3830-11e8-b733-54c27e767102', '怒江傈僳族自治州', '533300', '301', '怒江傈僳族自治州', '2018-04-05 00:29:07', 'Yishen', '2018-04-05 00:29:07', 'Yishen');
INSERT INTO `t_dict_item` VALUES ('1152ace1-3827-11e8-b733-54c27e767102', 'cc5a8a07-3830-11e8-b733-54c27e767102', '迪庆藏族自治州', '533400', '302', '迪庆藏族自治州', '2018-04-05 00:29:07', 'Yishen', '2018-04-05 00:29:07', 'Yishen');
INSERT INTO `t_dict_item` VALUES ('1152ace1-3827-11e8-b733-54c27e767102', 'cc5d90f2-3830-11e8-b733-54c27e767102', '拉萨市', '540100', '303', '拉萨市', '2018-04-05 00:29:07', 'Yishen', '2018-04-05 00:29:07', 'Yishen');
INSERT INTO `t_dict_item` VALUES ('1152ace1-3827-11e8-b733-54c27e767102', 'cc60a5f3-3830-11e8-b733-54c27e767102', '日喀则市', '540200', '304', '日喀则市', '2018-04-05 00:29:07', 'Yishen', '2018-04-05 00:29:07', 'Yishen');
INSERT INTO `t_dict_item` VALUES ('1152ace1-3827-11e8-b733-54c27e767102', 'cc63bf95-3830-11e8-b733-54c27e767102', '昌都市', '540300', '305', '昌都市', '2018-04-05 00:29:07', 'Yishen', '2018-04-05 00:29:07', 'Yishen');
INSERT INTO `t_dict_item` VALUES ('1152ace1-3827-11e8-b733-54c27e767102', 'cc66b891-3830-11e8-b733-54c27e767102', '林芝市', '540400', '306', '林芝市', '2018-04-05 00:29:07', 'Yishen', '2018-04-05 00:29:07', 'Yishen');
INSERT INTO `t_dict_item` VALUES ('1152ace1-3827-11e8-b733-54c27e767102', 'cc6990ba-3830-11e8-b733-54c27e767102', '山南市', '540500', '307', '山南市', '2018-04-05 00:29:07', 'Yishen', '2018-04-05 00:29:07', 'Yishen');
INSERT INTO `t_dict_item` VALUES ('1152ace1-3827-11e8-b733-54c27e767102', 'cc6c98fb-3830-11e8-b733-54c27e767102', '那曲地区', '542400', '308', '那曲地区', '2018-04-05 00:29:07', 'Yishen', '2018-04-05 00:29:07', 'Yishen');
INSERT INTO `t_dict_item` VALUES ('1152ace1-3827-11e8-b733-54c27e767102', 'cc6f9089-3830-11e8-b733-54c27e767102', '阿里地区', '542500', '309', '阿里地区', '2018-04-05 00:29:07', 'Yishen', '2018-04-05 00:29:07', 'Yishen');
INSERT INTO `t_dict_item` VALUES ('1152ace1-3827-11e8-b733-54c27e767102', 'cc72746f-3830-11e8-b733-54c27e767102', '西安市', '610100', '310', '西安市', '2018-04-05 00:29:07', 'Yishen', '2018-04-05 00:29:07', 'Yishen');
INSERT INTO `t_dict_item` VALUES ('1152ace1-3827-11e8-b733-54c27e767102', 'cc754ff6-3830-11e8-b733-54c27e767102', '铜川市', '610200', '311', '铜川市', '2018-04-05 00:29:07', 'Yishen', '2018-04-05 00:29:07', 'Yishen');
INSERT INTO `t_dict_item` VALUES ('1152ace1-3827-11e8-b733-54c27e767102', 'cc782ef4-3830-11e8-b733-54c27e767102', '宝鸡市', '610300', '312', '宝鸡市', '2018-04-05 00:29:07', 'Yishen', '2018-04-05 00:29:07', 'Yishen');
INSERT INTO `t_dict_item` VALUES ('1152ace1-3827-11e8-b733-54c27e767102', 'cc7b44b9-3830-11e8-b733-54c27e767102', '咸阳市', '610400', '313', '咸阳市', '2018-04-05 00:29:07', 'Yishen', '2018-04-05 00:29:07', 'Yishen');
INSERT INTO `t_dict_item` VALUES ('1152ace1-3827-11e8-b733-54c27e767102', 'cc7e32b9-3830-11e8-b733-54c27e767102', '渭南市', '610500', '314', '渭南市', '2018-04-05 00:29:07', 'Yishen', '2018-04-05 00:29:07', 'Yishen');
INSERT INTO `t_dict_item` VALUES ('1152ace1-3827-11e8-b733-54c27e767102', 'cc814a08-3830-11e8-b733-54c27e767102', '延安市', '610600', '315', '延安市', '2018-04-05 00:29:07', 'Yishen', '2018-04-05 00:29:07', 'Yishen');
INSERT INTO `t_dict_item` VALUES ('1152ace1-3827-11e8-b733-54c27e767102', 'cc8422b0-3830-11e8-b733-54c27e767102', '汉中市', '610700', '316', '汉中市', '2018-04-05 00:29:07', 'Yishen', '2018-04-05 00:29:07', 'Yishen');
INSERT INTO `t_dict_item` VALUES ('1152ace1-3827-11e8-b733-54c27e767102', 'cc882006-3830-11e8-b733-54c27e767102', '榆林市', '610800', '317', '榆林市', '2018-04-05 00:29:07', 'Yishen', '2018-04-05 00:29:07', 'Yishen');
INSERT INTO `t_dict_item` VALUES ('1152ace1-3827-11e8-b733-54c27e767102', 'cc8b6e77-3830-11e8-b733-54c27e767102', '安康市', '610900', '318', '安康市', '2018-04-05 00:29:07', 'Yishen', '2018-04-05 00:29:07', 'Yishen');
INSERT INTO `t_dict_item` VALUES ('1152ace1-3827-11e8-b733-54c27e767102', 'cc8e86ee-3830-11e8-b733-54c27e767102', '商洛市', '611000', '319', '商洛市', '2018-04-05 00:29:07', 'Yishen', '2018-04-05 00:29:07', 'Yishen');
INSERT INTO `t_dict_item` VALUES ('1152ace1-3827-11e8-b733-54c27e767102', 'cc9178ec-3830-11e8-b733-54c27e767102', '兰州市', '620100', '320', '兰州市', '2018-04-05 00:29:07', 'Yishen', '2018-04-05 00:29:07', 'Yishen');
INSERT INTO `t_dict_item` VALUES ('1152ace1-3827-11e8-b733-54c27e767102', 'cc948ad0-3830-11e8-b733-54c27e767102', '嘉峪关市', '620200', '321', '嘉峪关市', '2018-04-05 00:29:07', 'Yishen', '2018-04-05 00:29:07', 'Yishen');
INSERT INTO `t_dict_item` VALUES ('1152ace1-3827-11e8-b733-54c27e767102', 'cc977069-3830-11e8-b733-54c27e767102', '金昌市', '620300', '322', '金昌市', '2018-04-05 00:29:07', 'Yishen', '2018-04-05 00:29:07', 'Yishen');
INSERT INTO `t_dict_item` VALUES ('1152ace1-3827-11e8-b733-54c27e767102', 'cc9a92ea-3830-11e8-b733-54c27e767102', '白银市', '620400', '323', '白银市', '2018-04-05 00:29:07', 'Yishen', '2018-04-05 00:29:07', 'Yishen');
INSERT INTO `t_dict_item` VALUES ('1152ace1-3827-11e8-b733-54c27e767102', 'cc9d8ced-3830-11e8-b733-54c27e767102', '天水市', '620500', '324', '天水市', '2018-04-05 00:29:07', 'Yishen', '2018-04-05 00:29:07', 'Yishen');
INSERT INTO `t_dict_item` VALUES ('1152ace1-3827-11e8-b733-54c27e767102', 'cca06779-3830-11e8-b733-54c27e767102', '武威市', '620600', '325', '武威市', '2018-04-05 00:29:07', 'Yishen', '2018-04-05 00:29:07', 'Yishen');
INSERT INTO `t_dict_item` VALUES ('1152ace1-3827-11e8-b733-54c27e767102', 'cca46209-3830-11e8-b733-54c27e767102', '张掖市', '620700', '326', '张掖市', '2018-04-05 00:29:07', 'Yishen', '2018-04-05 00:29:07', 'Yishen');
INSERT INTO `t_dict_item` VALUES ('1152ace1-3827-11e8-b733-54c27e767102', 'cca768e8-3830-11e8-b733-54c27e767102', '平凉市', '620800', '327', '平凉市', '2018-04-05 00:29:07', 'Yishen', '2018-04-05 00:29:07', 'Yishen');
INSERT INTO `t_dict_item` VALUES ('1152ace1-3827-11e8-b733-54c27e767102', 'ccaa5f1e-3830-11e8-b733-54c27e767102', '酒泉市', '620900', '328', '酒泉市', '2018-04-05 00:29:07', 'Yishen', '2018-04-05 00:29:07', 'Yishen');
INSERT INTO `t_dict_item` VALUES ('1152ace1-3827-11e8-b733-54c27e767102', 'ccad429d-3830-11e8-b733-54c27e767102', '庆阳市', '621000', '329', '庆阳市', '2018-04-05 00:29:07', 'Yishen', '2018-04-05 00:29:07', 'Yishen');
INSERT INTO `t_dict_item` VALUES ('1152ace1-3827-11e8-b733-54c27e767102', 'ccb03f5a-3830-11e8-b733-54c27e767102', '定西市', '621100', '330', '定西市', '2018-04-05 00:29:07', 'Yishen', '2018-04-05 00:29:07', 'Yishen');
INSERT INTO `t_dict_item` VALUES ('1152ace1-3827-11e8-b733-54c27e767102', 'ccb33caf-3830-11e8-b733-54c27e767102', '陇南市', '621200', '331', '陇南市', '2018-04-05 00:29:07', 'Yishen', '2018-04-05 00:29:07', 'Yishen');
INSERT INTO `t_dict_item` VALUES ('1152ace1-3827-11e8-b733-54c27e767102', 'ccb622c7-3830-11e8-b733-54c27e767102', '临夏回族自治州', '622900', '332', '临夏回族自治州', '2018-04-05 00:29:07', 'Yishen', '2018-04-05 00:29:07', 'Yishen');
INSERT INTO `t_dict_item` VALUES ('1152ace1-3827-11e8-b733-54c27e767102', 'ccb90ae9-3830-11e8-b733-54c27e767102', '甘南藏族自治州', '623000', '333', '甘南藏族自治州', '2018-04-05 00:29:07', 'Yishen', '2018-04-05 00:29:07', 'Yishen');
INSERT INTO `t_dict_item` VALUES ('1152ace1-3827-11e8-b733-54c27e767102', 'ccbbfd04-3830-11e8-b733-54c27e767102', '西宁市', '630100', '334', '西宁市', '2018-04-05 00:29:07', 'Yishen', '2018-04-05 00:29:07', 'Yishen');
INSERT INTO `t_dict_item` VALUES ('1152ace1-3827-11e8-b733-54c27e767102', 'ccbedfb6-3830-11e8-b733-54c27e767102', '海东市', '630200', '335', '海东市', '2018-04-05 00:29:07', 'Yishen', '2018-04-05 00:29:07', 'Yishen');
INSERT INTO `t_dict_item` VALUES ('1152ace1-3827-11e8-b733-54c27e767102', 'ccc1cc50-3830-11e8-b733-54c27e767102', '海北藏族自治州', '632200', '336', '海北藏族自治州', '2018-04-05 00:29:07', 'Yishen', '2018-04-05 00:29:07', 'Yishen');
INSERT INTO `t_dict_item` VALUES ('1152ace1-3827-11e8-b733-54c27e767102', 'ccc4e6c4-3830-11e8-b733-54c27e767102', '黄南藏族自治州', '632300', '337', '黄南藏族自治州', '2018-04-05 00:29:07', 'Yishen', '2018-04-05 00:29:07', 'Yishen');
INSERT INTO `t_dict_item` VALUES ('1152ace1-3827-11e8-b733-54c27e767102', 'ccc7cc13-3830-11e8-b733-54c27e767102', '海南藏族自治州', '632500', '338', '海南藏族自治州', '2018-04-05 00:29:07', 'Yishen', '2018-04-05 00:29:07', 'Yishen');
INSERT INTO `t_dict_item` VALUES ('1152ace1-3827-11e8-b733-54c27e767102', 'cccaa09c-3830-11e8-b733-54c27e767102', '果洛藏族自治州', '632600', '339', '果洛藏族自治州', '2018-04-05 00:29:07', 'Yishen', '2018-04-05 00:29:07', 'Yishen');
INSERT INTO `t_dict_item` VALUES ('1152ace1-3827-11e8-b733-54c27e767102', 'cccda3ec-3830-11e8-b733-54c27e767102', '玉树藏族自治州', '632700', '340', '玉树藏族自治州', '2018-04-05 00:29:07', 'Yishen', '2018-04-05 00:29:07', 'Yishen');
INSERT INTO `t_dict_item` VALUES ('1152ace1-3827-11e8-b733-54c27e767102', 'ccd0af31-3830-11e8-b733-54c27e767102', '海西蒙古族藏族自治州', '632800', '341', '海西蒙古族藏族自治州', '2018-04-05 00:29:07', 'Yishen', '2018-04-05 00:29:07', 'Yishen');
INSERT INTO `t_dict_item` VALUES ('1152ace1-3827-11e8-b733-54c27e767102', 'ccd39e75-3830-11e8-b733-54c27e767102', '银川市', '640100', '342', '银川市', '2018-04-05 00:29:07', 'Yishen', '2018-04-05 00:29:07', 'Yishen');
INSERT INTO `t_dict_item` VALUES ('1152ace1-3827-11e8-b733-54c27e767102', 'ccd69e90-3830-11e8-b733-54c27e767102', '石嘴山市', '640200', '343', '石嘴山市', '2018-04-05 00:29:07', 'Yishen', '2018-04-05 00:29:07', 'Yishen');
INSERT INTO `t_dict_item` VALUES ('1152ace1-3827-11e8-b733-54c27e767102', 'ccd9c0dc-3830-11e8-b733-54c27e767102', '吴忠市', '640300', '344', '吴忠市', '2018-04-05 00:29:07', 'Yishen', '2018-04-05 00:29:07', 'Yishen');
INSERT INTO `t_dict_item` VALUES ('1152ace1-3827-11e8-b733-54c27e767102', 'ccdd08ba-3830-11e8-b733-54c27e767102', '固原市', '640400', '345', '固原市', '2018-04-05 00:29:07', 'Yishen', '2018-04-05 00:29:07', 'Yishen');
INSERT INTO `t_dict_item` VALUES ('1152ace1-3827-11e8-b733-54c27e767102', 'cce024e9-3830-11e8-b733-54c27e767102', '中卫市', '640500', '346', '中卫市', '2018-04-05 00:29:07', 'Yishen', '2018-04-05 00:29:07', 'Yishen');
INSERT INTO `t_dict_item` VALUES ('1152ace1-3827-11e8-b733-54c27e767102', 'cce36d1d-3830-11e8-b733-54c27e767102', '乌鲁木齐市', '650100', '347', '乌鲁木齐市', '2018-04-05 00:29:07', 'Yishen', '2018-04-05 00:29:07', 'Yishen');
INSERT INTO `t_dict_item` VALUES ('1152ace1-3827-11e8-b733-54c27e767102', 'cce67168-3830-11e8-b733-54c27e767102', '克拉玛依市', '650200', '348', '克拉玛依市', '2018-04-05 00:29:07', 'Yishen', '2018-04-05 00:29:07', 'Yishen');
INSERT INTO `t_dict_item` VALUES ('1152ace1-3827-11e8-b733-54c27e767102', 'ccea4059-3830-11e8-b733-54c27e767102', '吐鲁番市', '650400', '349', '吐鲁番市', '2018-04-05 00:29:07', 'Yishen', '2018-04-05 00:29:07', 'Yishen');
INSERT INTO `t_dict_item` VALUES ('1152ace1-3827-11e8-b733-54c27e767102', 'cced5a5e-3830-11e8-b733-54c27e767102', '哈密市', '650500', '350', '哈密市', '2018-04-05 00:29:07', 'Yishen', '2018-04-05 00:29:07', 'Yishen');
INSERT INTO `t_dict_item` VALUES ('1152ace1-3827-11e8-b733-54c27e767102', 'ccf04b20-3830-11e8-b733-54c27e767102', '昌吉回族自治州', '652300', '351', '昌吉回族自治州', '2018-04-05 00:29:07', 'Yishen', '2018-04-05 00:29:07', 'Yishen');
INSERT INTO `t_dict_item` VALUES ('1152ace1-3827-11e8-b733-54c27e767102', 'ccf340d7-3830-11e8-b733-54c27e767102', '博尔塔拉蒙古自治州', '652700', '352', '博尔塔拉蒙古自治州', '2018-04-05 00:29:07', 'Yishen', '2018-04-05 00:29:07', 'Yishen');
INSERT INTO `t_dict_item` VALUES ('1152ace1-3827-11e8-b733-54c27e767102', 'ccf7152f-3830-11e8-b733-54c27e767102', '巴音郭楞蒙古自治州', '652800', '353', '巴音郭楞蒙古自治州', '2018-04-05 00:29:07', 'Yishen', '2018-04-05 00:29:07', 'Yishen');
INSERT INTO `t_dict_item` VALUES ('1152ace1-3827-11e8-b733-54c27e767102', 'ccfa02e6-3830-11e8-b733-54c27e767102', '阿克苏地区', '652900', '354', '阿克苏地区', '2018-04-05 00:29:07', 'Yishen', '2018-04-05 00:29:07', 'Yishen');
INSERT INTO `t_dict_item` VALUES ('1152ace1-3827-11e8-b733-54c27e767102', 'ccfce200-3830-11e8-b733-54c27e767102', '克孜勒苏柯尔克孜自治州', '653000', '355', '克孜勒苏柯尔克孜自治州', '2018-04-05 00:29:07', 'Yishen', '2018-04-05 00:29:07', 'Yishen');
INSERT INTO `t_dict_item` VALUES ('1152ace1-3827-11e8-b733-54c27e767102', 'ccffe1e5-3830-11e8-b733-54c27e767102', '喀什地区', '653100', '356', '喀什地区', '2018-04-05 00:29:07', 'Yishen', '2018-04-05 00:29:07', 'Yishen');
INSERT INTO `t_dict_item` VALUES ('1152ace1-3827-11e8-b733-54c27e767102', 'cd02cb74-3830-11e8-b733-54c27e767102', '和田地区', '653200', '357', '和田地区', '2018-04-05 00:29:07', 'Yishen', '2018-04-05 00:29:07', 'Yishen');
INSERT INTO `t_dict_item` VALUES ('1152ace1-3827-11e8-b733-54c27e767102', 'cd05bf95-3830-11e8-b733-54c27e767102', '伊犁哈萨克自治州', '654000', '358', '伊犁哈萨克自治州', '2018-04-05 00:29:07', 'Yishen', '2018-04-05 00:29:07', 'Yishen');
INSERT INTO `t_dict_item` VALUES ('1152ace1-3827-11e8-b733-54c27e767102', 'cd08de44-3830-11e8-b733-54c27e767102', '塔城地区', '654200', '359', '塔城地区', '2018-04-05 00:29:07', 'Yishen', '2018-04-05 00:29:07', 'Yishen');
INSERT INTO `t_dict_item` VALUES ('1152ace1-3827-11e8-b733-54c27e767102', 'cd0bd2c3-3830-11e8-b733-54c27e767102', '阿勒泰地区', '654300', '360', '阿勒泰地区', '2018-04-05 00:29:07', 'Yishen', '2018-04-05 00:29:07', 'Yishen');
INSERT INTO `t_dict_item` VALUES ('1152ace1-3827-11e8-b733-54c27e767102', 'cd0ec95c-3830-11e8-b733-54c27e767102', '石河子市', '659001', '361', '石河子市', '2018-04-05 00:29:07', 'Yishen', '2018-04-05 00:29:07', 'Yishen');
INSERT INTO `t_dict_item` VALUES ('1152ace1-3827-11e8-b733-54c27e767102', 'cd11e0f5-3830-11e8-b733-54c27e767102', '阿拉尔市', '659002', '362', '阿拉尔市', '2018-04-05 00:29:07', 'Yishen', '2018-04-05 00:29:07', 'Yishen');
INSERT INTO `t_dict_item` VALUES ('1152ace1-3827-11e8-b733-54c27e767102', 'cd14e93a-3830-11e8-b733-54c27e767102', '图木舒克市', '659003', '363', '图木舒克市', '2018-04-05 00:29:07', 'Yishen', '2018-04-05 00:29:07', 'Yishen');
INSERT INTO `t_dict_item` VALUES ('1152ace1-3827-11e8-b733-54c27e767102', 'cd17c605-3830-11e8-b733-54c27e767102', '五家渠市', '659004', '364', '五家渠市', '2018-04-05 00:29:07', 'Yishen', '2018-04-05 00:29:07', 'Yishen');
INSERT INTO `t_dict_item` VALUES ('1152ace1-3827-11e8-b733-54c27e767102', 'cd1aa806-3830-11e8-b733-54c27e767102', '铁门关市', '659006', '365', '铁门关市', '2018-04-05 00:29:07', 'Yishen', '2018-04-05 00:29:07', 'Yishen');
INSERT INTO `t_dict_item` VALUES ('1152ace1-3827-11e8-b733-54c27e767102', 'cd1d6f60-3830-11e8-b733-54c27e767102', '台湾省', '710000', '366', '台湾省', '2018-04-05 00:29:07', 'Yishen', '2018-04-05 00:29:07', 'Yishen');
INSERT INTO `t_dict_item` VALUES ('1152ace1-3827-11e8-b733-54c27e767102', 'cd2105ce-3830-11e8-b733-54c27e767102', '中西區', '810001', '367', '中西區', '2018-04-05 00:29:07', 'Yishen', '2018-04-05 00:29:07', 'Yishen');
INSERT INTO `t_dict_item` VALUES ('1152ace1-3827-11e8-b733-54c27e767102', 'cd2603b4-3830-11e8-b733-54c27e767102', '灣仔區', '810002', '368', '灣仔區', '2018-04-05 00:29:07', 'Yishen', '2018-04-05 00:29:07', 'Yishen');
INSERT INTO `t_dict_item` VALUES ('1152ace1-3827-11e8-b733-54c27e767102', 'cd292bbe-3830-11e8-b733-54c27e767102', '東區', '810003', '369', '東區', '2018-04-05 00:29:07', 'Yishen', '2018-04-05 00:29:07', 'Yishen');
INSERT INTO `t_dict_item` VALUES ('1152ace1-3827-11e8-b733-54c27e767102', 'cd2c7f75-3830-11e8-b733-54c27e767102', '南區', '810004', '370', '南區', '2018-04-05 00:29:07', 'Yishen', '2018-04-05 00:29:07', 'Yishen');
INSERT INTO `t_dict_item` VALUES ('1152ace1-3827-11e8-b733-54c27e767102', 'cd2f8055-3830-11e8-b733-54c27e767102', '油尖旺區', '810005', '371', '油尖旺區', '2018-04-05 00:29:07', 'Yishen', '2018-04-05 00:29:07', 'Yishen');
INSERT INTO `t_dict_item` VALUES ('1152ace1-3827-11e8-b733-54c27e767102', 'cd335b18-3830-11e8-b733-54c27e767102', '深水埗區', '810006', '372', '深水埗區', '2018-04-05 00:29:07', 'Yishen', '2018-04-05 00:29:07', 'Yishen');
INSERT INTO `t_dict_item` VALUES ('1152ace1-3827-11e8-b733-54c27e767102', 'cd3788c7-3830-11e8-b733-54c27e767102', '九龍城區', '810007', '373', '九龍城區', '2018-04-05 00:29:07', 'Yishen', '2018-04-05 00:29:07', 'Yishen');
INSERT INTO `t_dict_item` VALUES ('1152ace1-3827-11e8-b733-54c27e767102', 'cd3a9d02-3830-11e8-b733-54c27e767102', '黃大仙區', '810008', '374', '黃大仙區', '2018-04-05 00:29:07', 'Yishen', '2018-04-05 00:29:07', 'Yishen');
INSERT INTO `t_dict_item` VALUES ('1152ace1-3827-11e8-b733-54c27e767102', 'cd3fa54c-3830-11e8-b733-54c27e767102', '觀塘區', '810009', '375', '觀塘區', '2018-04-05 00:29:07', 'Yishen', '2018-04-05 00:29:07', 'Yishen');
INSERT INTO `t_dict_item` VALUES ('1152ace1-3827-11e8-b733-54c27e767102', 'cd432620-3830-11e8-b733-54c27e767102', '荃灣區', '810010', '376', '荃灣區', '2018-04-05 00:29:07', 'Yishen', '2018-04-05 00:29:07', 'Yishen');
INSERT INTO `t_dict_item` VALUES ('1152ace1-3827-11e8-b733-54c27e767102', 'cd4770f7-3830-11e8-b733-54c27e767102', '屯門區', '810011', '377', '屯門區', '2018-04-05 00:29:07', 'Yishen', '2018-04-05 00:29:07', 'Yishen');
INSERT INTO `t_dict_item` VALUES ('1152ace1-3827-11e8-b733-54c27e767102', 'cd4a88f7-3830-11e8-b733-54c27e767102', '元朗區', '810012', '378', '元朗區', '2018-04-05 00:29:07', 'Yishen', '2018-04-05 00:29:07', 'Yishen');
INSERT INTO `t_dict_item` VALUES ('1152ace1-3827-11e8-b733-54c27e767102', 'cd4d6cc0-3830-11e8-b733-54c27e767102', '北區', '810013', '379', '北區', '2018-04-05 00:29:07', 'Yishen', '2018-04-05 00:29:07', 'Yishen');
INSERT INTO `t_dict_item` VALUES ('1152ace1-3827-11e8-b733-54c27e767102', 'cd5064de-3830-11e8-b733-54c27e767102', '大埔區', '810014', '380', '大埔區', '2018-04-05 00:29:07', 'Yishen', '2018-04-05 00:29:07', 'Yishen');
INSERT INTO `t_dict_item` VALUES ('1152ace1-3827-11e8-b733-54c27e767102', 'cd548b14-3830-11e8-b733-54c27e767102', '西貢區', '810015', '381', '西貢區', '2018-04-05 00:29:07', 'Yishen', '2018-04-05 00:29:07', 'Yishen');
INSERT INTO `t_dict_item` VALUES ('1152ace1-3827-11e8-b733-54c27e767102', 'cd577c41-3830-11e8-b733-54c27e767102', '沙田區', '810016', '382', '沙田區', '2018-04-05 00:29:07', 'Yishen', '2018-04-05 00:29:07', 'Yishen');
INSERT INTO `t_dict_item` VALUES ('1152ace1-3827-11e8-b733-54c27e767102', 'cd5a6eae-3830-11e8-b733-54c27e767102', '葵青區', '810017', '383', '葵青區', '2018-04-05 00:29:07', 'Yishen', '2018-04-05 00:29:07', 'Yishen');
INSERT INTO `t_dict_item` VALUES ('1152ace1-3827-11e8-b733-54c27e767102', 'cd5e6720-3830-11e8-b733-54c27e767102', '離島區', '810018', '384', '離島區', '2018-04-05 00:29:07', 'Yishen', '2018-04-05 00:29:07', 'Yishen');
INSERT INTO `t_dict_item` VALUES ('1152ace1-3827-11e8-b733-54c27e767102', 'cd6172cf-3830-11e8-b733-54c27e767102', '花地瑪堂區', '820001', '385', '花地瑪堂區', '2018-04-05 00:29:07', 'Yishen', '2018-04-05 00:29:07', 'Yishen');
INSERT INTO `t_dict_item` VALUES ('1152ace1-3827-11e8-b733-54c27e767102', 'cd646bb7-3830-11e8-b733-54c27e767102', '花王堂區', '820002', '386', '花王堂區', '2018-04-05 00:29:07', 'Yishen', '2018-04-05 00:29:07', 'Yishen');
INSERT INTO `t_dict_item` VALUES ('1152ace1-3827-11e8-b733-54c27e767102', 'cd679191-3830-11e8-b733-54c27e767102', '望德堂區', '820003', '387', '望德堂區', '2018-04-05 00:29:07', 'Yishen', '2018-04-05 00:29:07', 'Yishen');
INSERT INTO `t_dict_item` VALUES ('1152ace1-3827-11e8-b733-54c27e767102', 'cd6a9e43-3830-11e8-b733-54c27e767102', '大堂區', '820004', '388', '大堂區', '2018-04-05 00:29:07', 'Yishen', '2018-04-05 00:29:07', 'Yishen');
INSERT INTO `t_dict_item` VALUES ('1152ace1-3827-11e8-b733-54c27e767102', 'cd6f369e-3830-11e8-b733-54c27e767102', '風順堂區', '820005', '389', '風順堂區', '2018-04-05 00:29:07', 'Yishen', '2018-04-05 00:29:07', 'Yishen');
INSERT INTO `t_dict_item` VALUES ('1152ace1-3827-11e8-b733-54c27e767102', 'cd724af2-3830-11e8-b733-54c27e767102', '嘉模堂區', '820006', '390', '嘉模堂區', '2018-04-05 00:29:07', 'Yishen', '2018-04-05 00:29:07', 'Yishen');
INSERT INTO `t_dict_item` VALUES ('1152ace1-3827-11e8-b733-54c27e767102', 'cd753f2b-3830-11e8-b733-54c27e767102', '路氹填海區', '820007', '391', '路氹填海區', '2018-04-05 00:29:07', 'Yishen', '2018-04-05 00:29:07', 'Yishen');
INSERT INTO `t_dict_item` VALUES ('1152ace1-3827-11e8-b733-54c27e767102', 'cd78348c-3830-11e8-b733-54c27e767102', '聖方濟各堂區', '820008', '392', '聖方濟各堂區', '2018-04-05 00:29:07', 'Yishen', '2018-04-05 00:29:07', 'Yishen');
INSERT INTO `t_dict_item` VALUES ('3386c2b9-3811-11e8-b733-54c27e767102', 'e9a2bbf8-3825-11e8-b733-54c27e767102', '北京市', '110000', '1', '北京市', '2018-04-05 00:29:07', 'Yishen', '2018-04-05 00:29:07', 'Yishen');
INSERT INTO `t_dict_item` VALUES ('3386c2b9-3811-11e8-b733-54c27e767102', 'e9a50a7d-3825-11e8-b733-54c27e767102', '天津市', '120000', '2', '天津市', '2018-04-05 00:29:07', 'Yishen', '2018-04-05 00:29:07', 'Yishen');
INSERT INTO `t_dict_item` VALUES ('3386c2b9-3811-11e8-b733-54c27e767102', 'e9a7f7cd-3825-11e8-b733-54c27e767102', '河北省', '130000', '3', '河北省', '2018-04-05 00:29:07', 'Yishen', '2018-04-05 00:29:07', 'Yishen');
INSERT INTO `t_dict_item` VALUES ('3386c2b9-3811-11e8-b733-54c27e767102', 'e9aafb25-3825-11e8-b733-54c27e767102', '山西省', '140000', '4', '山西省', '2018-04-05 00:29:07', 'Yishen', '2018-04-05 00:29:07', 'Yishen');
INSERT INTO `t_dict_item` VALUES ('3386c2b9-3811-11e8-b733-54c27e767102', 'e9ae0d88-3825-11e8-b733-54c27e767102', '内蒙古自治区', '150000', '5', '内蒙古自治区', '2018-04-05 00:29:07', 'Yishen', '2018-04-05 00:29:07', 'Yishen');
INSERT INTO `t_dict_item` VALUES ('3386c2b9-3811-11e8-b733-54c27e767102', 'e9b232b7-3825-11e8-b733-54c27e767102', '辽宁省', '210000', '6', '辽宁省', '2018-04-05 00:29:07', 'Yishen', '2018-04-05 00:29:07', 'Yishen');
INSERT INTO `t_dict_item` VALUES ('3386c2b9-3811-11e8-b733-54c27e767102', 'e9b522de-3825-11e8-b733-54c27e767102', '吉林省', '220000', '7', '吉林省', '2018-04-05 00:29:07', 'Yishen', '2018-04-05 00:29:07', 'Yishen');
INSERT INTO `t_dict_item` VALUES ('3386c2b9-3811-11e8-b733-54c27e767102', 'e9b864c4-3825-11e8-b733-54c27e767102', '黑龙江省', '230000', '8', '黑龙江省', '2018-04-05 00:29:07', 'Yishen', '2018-04-05 00:29:07', 'Yishen');
INSERT INTO `t_dict_item` VALUES ('3386c2b9-3811-11e8-b733-54c27e767102', 'e9bb8b75-3825-11e8-b733-54c27e767102', '上海市', '310000', '9', '上海市', '2018-04-05 00:29:07', 'Yishen', '2018-04-05 00:29:07', 'Yishen');
INSERT INTO `t_dict_item` VALUES ('3386c2b9-3811-11e8-b733-54c27e767102', 'e9bed9ad-3825-11e8-b733-54c27e767102', '江苏省', '320000', '10', '江苏省', '2018-04-05 00:29:07', 'Yishen', '2018-04-05 00:29:07', 'Yishen');
INSERT INTO `t_dict_item` VALUES ('3386c2b9-3811-11e8-b733-54c27e767102', 'e9c2dfa3-3825-11e8-b733-54c27e767102', '浙江省', '330000', '11', '浙江省', '2018-04-05 00:29:07', 'Yishen', '2018-04-05 00:29:07', 'Yishen');
INSERT INTO `t_dict_item` VALUES ('3386c2b9-3811-11e8-b733-54c27e767102', 'e9c600cf-3825-11e8-b733-54c27e767102', '安徽省', '340000', '12', '安徽省', '2018-04-05 00:29:07', 'Yishen', '2018-04-05 00:29:07', 'Yishen');
INSERT INTO `t_dict_item` VALUES ('3386c2b9-3811-11e8-b733-54c27e767102', 'e9c911c5-3825-11e8-b733-54c27e767102', '福建省', '350000', '13', '福建省', '2018-04-05 00:29:07', 'Yishen', '2018-04-05 00:29:07', 'Yishen');
INSERT INTO `t_dict_item` VALUES ('3386c2b9-3811-11e8-b733-54c27e767102', 'e9cc169b-3825-11e8-b733-54c27e767102', '江西省', '360000', '14', '江西省', '2018-04-05 00:29:07', 'Yishen', '2018-04-05 00:29:07', 'Yishen');
INSERT INTO `t_dict_item` VALUES ('3386c2b9-3811-11e8-b733-54c27e767102', 'e9cf1b60-3825-11e8-b733-54c27e767102', '山东省', '370000', '15', '山东省', '2018-04-05 00:29:07', 'Yishen', '2018-04-05 00:29:07', 'Yishen');
INSERT INTO `t_dict_item` VALUES ('3386c2b9-3811-11e8-b733-54c27e767102', 'e9d219a7-3825-11e8-b733-54c27e767102', '河南省', '410000', '16', '河南省', '2018-04-05 00:29:07', 'Yishen', '2018-04-05 00:29:07', 'Yishen');
INSERT INTO `t_dict_item` VALUES ('3386c2b9-3811-11e8-b733-54c27e767102', 'e9d54bd3-3825-11e8-b733-54c27e767102', '湖北省', '420000', '17', '湖北省', '2018-04-05 00:29:07', 'Yishen', '2018-04-05 00:29:07', 'Yishen');
INSERT INTO `t_dict_item` VALUES ('3386c2b9-3811-11e8-b733-54c27e767102', 'e9d85c87-3825-11e8-b733-54c27e767102', '湖南省', '430000', '18', '湖南省', '2018-04-05 00:29:07', 'Yishen', '2018-04-05 00:29:07', 'Yishen');
INSERT INTO `t_dict_item` VALUES ('3386c2b9-3811-11e8-b733-54c27e767102', 'e9db4399-3825-11e8-b733-54c27e767102', '广东省', '440000', '19', '广东省', '2018-04-05 00:29:07', 'Yishen', '2018-04-05 00:29:07', 'Yishen');
INSERT INTO `t_dict_item` VALUES ('3386c2b9-3811-11e8-b733-54c27e767102', 'e9df6d21-3825-11e8-b733-54c27e767102', '广西壮族自治区', '450000', '20', '广西壮族自治区', '2018-04-05 00:29:07', 'Yishen', '2018-04-05 00:29:07', 'Yishen');
INSERT INTO `t_dict_item` VALUES ('3386c2b9-3811-11e8-b733-54c27e767102', 'e9e2848d-3825-11e8-b733-54c27e767102', '海南省', '460000', '21', '海南省', '2018-04-05 00:29:07', 'Yishen', '2018-04-05 00:29:07', 'Yishen');
INSERT INTO `t_dict_item` VALUES ('3386c2b9-3811-11e8-b733-54c27e767102', 'e9e58131-3825-11e8-b733-54c27e767102', '重庆市', '500000', '22', '重庆市', '2018-04-05 00:29:07', 'Yishen', '2018-04-05 00:29:07', 'Yishen');
INSERT INTO `t_dict_item` VALUES ('3386c2b9-3811-11e8-b733-54c27e767102', 'e9e88f44-3825-11e8-b733-54c27e767102', '四川省', '510000', '23', '四川省', '2018-04-05 00:29:07', 'Yishen', '2018-04-05 00:29:07', 'Yishen');
INSERT INTO `t_dict_item` VALUES ('3386c2b9-3811-11e8-b733-54c27e767102', 'e9ebc1b1-3825-11e8-b733-54c27e767102', '贵州省', '520000', '24', '贵州省', '2018-04-05 00:29:07', 'Yishen', '2018-04-05 00:29:07', 'Yishen');
INSERT INTO `t_dict_item` VALUES ('3386c2b9-3811-11e8-b733-54c27e767102', 'e9ef0439-3825-11e8-b733-54c27e767102', '云南省', '530000', '25', '云南省', '2018-04-05 00:29:07', 'Yishen', '2018-04-05 00:29:07', 'Yishen');
INSERT INTO `t_dict_item` VALUES ('3386c2b9-3811-11e8-b733-54c27e767102', 'e9f21656-3825-11e8-b733-54c27e767102', '西藏自治区', '540000', '26', '西藏自治区', '2018-04-05 00:29:07', 'Yishen', '2018-04-05 00:29:07', 'Yishen');
INSERT INTO `t_dict_item` VALUES ('3386c2b9-3811-11e8-b733-54c27e767102', 'e9f54bb6-3825-11e8-b733-54c27e767102', '陕西省', '610000', '27', '陕西省', '2018-04-05 00:29:07', 'Yishen', '2018-04-05 00:29:07', 'Yishen');
INSERT INTO `t_dict_item` VALUES ('3386c2b9-3811-11e8-b733-54c27e767102', 'e9f99425-3825-11e8-b733-54c27e767102', '甘肃省', '620000', '28', '甘肃省', '2018-04-05 00:29:07', 'Yishen', '2018-04-05 00:29:07', 'Yishen');
INSERT INTO `t_dict_item` VALUES ('3386c2b9-3811-11e8-b733-54c27e767102', 'e9fcb69e-3825-11e8-b733-54c27e767102', '青海省', '630000', '29', '青海省', '2018-04-05 00:29:07', 'Yishen', '2018-04-05 00:29:07', 'Yishen');
INSERT INTO `t_dict_item` VALUES ('3386c2b9-3811-11e8-b733-54c27e767102', 'e9fff1d9-3825-11e8-b733-54c27e767102', '宁夏回族自治区', '640000', '30', '宁夏回族自治区', '2018-04-05 00:29:07', 'Yishen', '2018-04-05 00:29:07', 'Yishen');
INSERT INTO `t_dict_item` VALUES ('3386c2b9-3811-11e8-b733-54c27e767102', 'ea040b3b-3825-11e8-b733-54c27e767102', '新疆维吾尔自治区', '650000', '31', '新疆维吾尔自治区', '2018-04-05 00:29:07', 'Yishen', '2018-04-05 00:29:07', 'Yishen');
INSERT INTO `t_dict_item` VALUES ('3386c2b9-3811-11e8-b733-54c27e767102', 'ea073f88-3825-11e8-b733-54c27e767102', '台湾省', '710000', '32', '台湾省', '2018-04-05 00:29:07', 'Yishen', '2018-04-05 00:29:07', 'Yishen');
INSERT INTO `t_dict_item` VALUES ('3386c2b9-3811-11e8-b733-54c27e767102', 'ea0a5c37-3825-11e8-b733-54c27e767102', '香港特别行政区', '810000', '33', '香港特别行政区', '2018-04-05 00:29:07', 'Yishen', '2018-04-05 00:29:07', 'Yishen');
INSERT INTO `t_dict_item` VALUES ('3386c2b9-3811-11e8-b733-54c27e767102', 'ea0d885f-3825-11e8-b733-54c27e767102', '澳门特别行政区', '820000', '34', '澳门特别行政区', '2018-04-05 00:29:07', 'Yishen', '2018-04-05 00:29:07', 'Yishen');

-- ----------------------------
-- Table structure for t_group
-- ----------------------------
DROP TABLE IF EXISTS `t_group`;
CREATE TABLE `t_group` (
  `group_id` varchar(36) NOT NULL COMMENT '群id',
  `group_code` varchar(36) NOT NULL COMMENT '群号',
  `group_name` varchar(20) DEFAULT NULL COMMENT '群名称',
  `group_image` varchar(200) DEFAULT NULL COMMENT '群头像',
  `administrator_id` varchar(36) NOT NULL COMMENT '管理人id',
  `create_time` datetime NOT NULL ON UPDATE CURRENT_TIMESTAMP COMMENT '创建时间',
  `create_by` varchar(36) NOT NULL COMMENT '创建人id',
  PRIMARY KEY (`group_id`)
) ENGINE=InnoDB DEFAULT CHARSET=utf8 COMMENT='群表';

-- ----------------------------
-- Records of t_group
-- ----------------------------
INSERT INTO `t_group` VALUES ('efd19e21-dd36-4953-b8ac-f114a39e0ad1', 'group1', 'webchatGroup1', 'null', '79c3ef5c-c448-4794-9520-46bb025021be', '2018-04-09 12:44:56', '79c3ef5c-c448-4794-9520-46bb025021be');

-- ----------------------------
-- Table structure for t_group_chat_message
-- ----------------------------
DROP TABLE IF EXISTS `t_group_chat_message`;
CREATE TABLE `t_group_chat_message` (
  `group_chat_message_id` varchar(36) NOT NULL COMMENT '群聊天信息id',
  `group_id` varchar(36) NOT NULL COMMENT '群id',
  `user_id` varchar(36) NOT NULL COMMENT '用户id',
  `message_type` char(3) NOT NULL COMMENT '信息类型',
  `message_content` varchar(512) NOT NULL COMMENT '信息内容',
  `time_of_send` datetime NOT NULL COMMENT '信息发送时间',
  PRIMARY KEY (`group_chat_message_id`)
) ENGINE=InnoDB DEFAULT CHARSET=utf8 COMMENT='群聊天信息表';

-- ----------------------------
-- Records of t_group_chat_message
-- ----------------------------
INSERT INTO `t_group_chat_message` VALUES ('4f60fb60-7d76-4c48-aad5-0fb40270cb2d', 'efd19e21-dd36-4953-b8ac-f114a39e0ad1', '79c3ef5c-c448-4794-9520-46bb025021be', '01', 'hellojava1', '2018-04-09 13:20:12');

-- ----------------------------
-- Table structure for t_group_menber
-- ----------------------------
DROP TABLE IF EXISTS `t_group_menber`;
CREATE TABLE `t_group_menber` (
  `group_menber_record_id` varchar(36) NOT NULL COMMENT '群成员表id',
  `group_id` varchar(36) NOT NULL COMMENT '群id',
  `user_id` varchar(36) NOT NULL COMMENT '用户id',
  `user_group_nickname` varchar(30) DEFAULT NULL COMMENT '用户群昵称',
  `add_time` datetime NOT NULL COMMENT '用户加群时间',
  `last_contact_time` datetime DEFAULT NULL COMMENT '最后关注聊天信息时间',
  PRIMARY KEY (`group_menber_record_id`)
) ENGINE=InnoDB DEFAULT CHARSET=utf8 COMMENT='群成员表';

-- ----------------------------
-- Records of t_group_menber
-- ----------------------------
INSERT INTO `t_group_menber` VALUES ('01898e91-d480-4f93-be62-cf35e5bf8cf9', 'efd19e21-dd36-4953-b8ac-f114a39e0ad1', '3e78e060-38df-11e8-b733-54c27e767102', null, '2018-04-09 12:45:08', '2018-04-09 12:45:08');
INSERT INTO `t_group_menber` VALUES ('d7b6222d-ec08-4c1d-ab9c-cea9fefbe00b', 'efd19e21-dd36-4953-b8ac-f114a39e0ad1', '79c3ef5c-c448-4794-9520-46bb025021be', 'Yishen', '2018-04-09 12:44:56', '2018-04-09 12:44:56');

-- ----------------------------
-- Table structure for t_user
-- ----------------------------
DROP TABLE IF EXISTS `t_user`;
CREATE TABLE `t_user` (
  `user_id` varchar(36) NOT NULL COMMENT '用户id',
  `user_account` varchar(50) NOT NULL COMMENT '用户账号',
  `password` varchar(50) NOT NULL COMMENT '密码',
  `nickname` varchar(40) NOT NULL COMMENT '昵称',
  `phone` varchar(18) DEFAULT NULL COMMENT '电话',
  `province` char(6) DEFAULT NULL COMMENT '省',
  `city` char(6) DEFAULT NULL COMMENT '市',
  `gender` char(2) DEFAULT NULL COMMENT '性别',
  `birthday` datetime DEFAULT NULL ON UPDATE CURRENT_TIMESTAMP COMMENT '生日',
  `profile_photo` varchar(200) DEFAULT NULL COMMENT '头像',
  `personal_profile` varchar(255) DEFAULT NULL COMMENT '个人简介',
  `user_status` char(2) DEFAULT NULL COMMENT '用户状态',
  `create_time` datetime NOT NULL ON UPDATE CURRENT_TIMESTAMP COMMENT '创建时间',
  PRIMARY KEY (`user_id`)
) ENGINE=InnoDB DEFAULT CHARSET=utf8 COMMENT='用户表';

-- ----------------------------
-- Records of t_user
-- ----------------------------
INSERT INTO `t_user` VALUES ('3e67f622-38df-11e8-b733-54c27e767102', 'yishen_1', '817dcb110c0ac45710ca22273d29cc0e', 'hys1', '18814379000', '440000', '440600', '01', null, null, null, null, '2018-03-08 16:16:55');
INSERT INTO `t_user` VALUES ('3e6a86e1-38df-11e8-b733-54c27e767102', 'yishen_2', '817dcb110c0ac45710ca22273d29cc0e', 'hys2', '18814379000', '440000', '440600', '01', null, null, null, null, '2018-03-08 16:16:55');
INSERT INTO `t_user` VALUES ('3e6f4e66-38df-11e8-b733-54c27e767102', 'yishen_3', '817dcb110c0ac45710ca22273d29cc0e', 'hys3', '18814379000', '440000', '440600', '01', null, null, null, null, '2018-03-08 16:16:55');
INSERT INTO `t_user` VALUES ('3e72b452-38df-11e8-b733-54c27e767102', 'yishen_4', '817dcb110c0ac45710ca22273d29cc0e', 'hys4', '18814379000', '440000', '440600', '01', null, null, null, null, '2018-03-08 16:16:55');
INSERT INTO `t_user` VALUES ('3e75c4c4-38df-11e8-b733-54c27e767102', 'yishen_5', '817dcb110c0ac45710ca22273d29cc0e', 'hys5', '18814379000', '440000', '440600', '01', null, null, null, null, '2018-03-08 16:16:55');
INSERT INTO `t_user` VALUES ('3e78e060-38df-11e8-b733-54c27e767102', 'yishen_6', '817dcb110c0ac45710ca22273d29cc0e', 'hys6', '18814379000', '440000', '440600', '01', null, null, null, null, '2018-03-08 16:16:55');
INSERT INTO `t_user` VALUES ('3e7bdd21-38df-11e8-b733-54c27e767102', 'yishen_7', '817dcb110c0ac45710ca22273d29cc0e', 'hys7', '18814379000', '440000', '440600', '01', null, null, null, null, '2018-03-08 16:16:55');
INSERT INTO `t_user` VALUES ('3e7f9085-38df-11e8-b733-54c27e767102', 'yishen_8', '817dcb110c0ac45710ca22273d29cc0e', 'hys8', '18814379000', '440000', '440600', '01', null, null, null, null, '2018-03-08 16:16:55');
INSERT INTO `t_user` VALUES ('3e829630-38df-11e8-b733-54c27e767102', 'yishen_9', '817dcb110c0ac45710ca22273d29cc0e', 'hys9', '18814379000', '440000', '440600', '01', null, null, null, null, '2018-03-08 16:16:55');
INSERT INTO `t_user` VALUES ('3e859f57-38df-11e8-b733-54c27e767102', 'yishen_10', '817dcb110c0ac45710ca22273d29cc0e', 'hys10', '18814379000', '440000', '440600', '01', null, null, null, null, '2018-03-08 16:16:55');
INSERT INTO `t_user` VALUES ('79c3ef5c-c448-4794-9520-46bb025021be', 'yishen1', '817dcb110c0ac45710ca22273d29cc0e', 'hys', '1234567890', '440000', '440600', '01', '2018-02-08 12:50:17', 'null', 'null', null, '2018-04-08 12:50:55');

-- ----------------------------
-- Table structure for t_user_login_record
-- ----------------------------
DROP TABLE IF EXISTS `t_user_login_record`;
CREATE TABLE `t_user_login_record` (
  `login_record_id` varchar(36) NOT NULL COMMENT '登录记录id',
  `user_id` varchar(36) NOT NULL COMMENT '用户id',
  `record_time` datetime NOT NULL ON UPDATE CURRENT_TIMESTAMP COMMENT '登录记录时间',
  PRIMARY KEY (`login_record_id`)
) ENGINE=InnoDB DEFAULT CHARSET=utf8 COMMENT='用户登录信息表';

-- ----------------------------
-- Records of t_user_login_record
-- ----------------------------
INSERT INTO `t_user_login_record` VALUES ('0d129250-67e0-407b-8039-628b2c4b865d', '79c3ef5c-c448-4794-9520-46bb025021be', '2018-04-08 12:49:24');
INSERT INTO `t_user_login_record` VALUES ('1efe3926-da8b-43f0-868b-619c55b01ca5', '79c3ef5c-c448-4794-9520-46bb025021be', '2018-04-09 11:34:37');
INSERT INTO `t_user_login_record` VALUES ('25bd3293-13d6-40ea-a278-e756c141d0bc', '79c3ef5c-c448-4794-9520-46bb025021be', '2018-04-06 16:59:47');
INSERT INTO `t_user_login_record` VALUES ('5a7a3c56-721c-48ca-afc6-174de3403b48', '79c3ef5c-c448-4794-9520-46bb025021be', '2018-04-09 12:01:20');
INSERT INTO `t_user_login_record` VALUES ('637f2614-e634-43ef-814a-97c562f94971', '79c3ef5c-c448-4794-9520-46bb025021be', '2018-04-08 11:43:00');
INSERT INTO `t_user_login_record` VALUES ('68d9eb42-78b0-4370-9fc3-f932c2f9c0b2', '79c3ef5c-c448-4794-9520-46bb025021be', '2018-04-08 12:05:32');
INSERT INTO `t_user_login_record` VALUES ('759d120a-ecb3-4fa8-abed-fa7455a3d710', '79c3ef5c-c448-4794-9520-46bb025021be', '2018-04-09 11:45:02');
INSERT INTO `t_user_login_record` VALUES ('79ed9706-1265-11e8-9f86-201a065e542a', 'user_id111', '2018-02-15 00:23:53');
INSERT INTO `t_user_login_record` VALUES ('7a2e8dce-1265-11e8-9f86-201a065e542a', 'user_id111', '2018-02-15 00:23:53');
INSERT INTO `t_user_login_record` VALUES ('9e672ffa-f3fb-426f-bc94-180ea6c4a65f', '3e78e060-38df-11e8-b733-54c27e767102', '2018-04-09 11:18:05');
INSERT INTO `t_user_login_record` VALUES ('be8144ff-6c76-47b7-8bed-e59bb1e340cd', '79c3ef5c-c448-4794-9520-46bb025021be', '2018-04-09 12:15:47');
INSERT INTO `t_user_login_record` VALUES ('c3d5b417-033c-4f97-baf9-19dd36dda9d1', '3e78e060-38df-11e8-b733-54c27e767102', '2018-04-09 09:58:10');
INSERT INTO `t_user_login_record` VALUES ('c3da3327-a826-4ce1-a920-4bddd0f028ec', '79c3ef5c-c448-4794-9520-46bb025021be', '2018-04-08 11:29:41');
INSERT INTO `t_user_login_record` VALUES ('c7081ece-c88e-47c3-bdc9-97efb01b3c26', '79c3ef5c-c448-4794-9520-46bb025021be', '2018-04-09 09:50:40');
INSERT INTO `t_user_login_record` VALUES ('e4eaeecb-89af-4458-8ab0-be40c5ddc177', '79c3ef5c-c448-4794-9520-46bb025021be', '2018-04-09 11:39:02');
